,0,1,2,3,4,5,6,7,8,9,10,11,12,13,14,15,16,17,18,19,20,21,22,23,24,25,26,27
0,ድሮ,ሸመደደ,ቀላል,ተንበለበለ,ልብ,ወለድ,ድርሰት,ውሀ,በላቸው,አንጋፋ,ጭምር,ረሳ,ደገመ,ዘበናይ,አዲስ,ድርሰት,,,,,,,,,,,,
1,ኦሮሞ,ልምድ,አለ,አለ,ሌላ,ያ,ፍትህ,መንግስት,አስተማረ,መለስ,መንግስት,መራ,ረዳ,መራ,አለ,,,,,,,,,,,,,
2,በረከት,በላይነህ,ደራሲ,ገረመ,ገጠመ,እኔ,ዘመን,ምርጥ,,,,,,,,,,,,,,,,,,,,
3,ክቡር,ሰጠ,እድል,ተመሰገነ,ደህና,አደረ,,,,,,,,,,,,,,,,,,,,,,
4,ልጅ,ተወ,ዜና,ተወ,,,,,,,,,,,,,,,,,,,,,,,,
5,ደገመ,ምርጫ,ርዝም,በጋ,ተደረገ,ክረምት,ኢትዮጵያ,ውነተኛ,እርቅ,ተደረገ,ብሄራዊ,ገባ,መጣ,ድረስ,አዙሪት,ቀጠለ,ሆማ,ቀኖ,,,,,,,,,,
6,አቋም,ገለጸ,ብልጽግና,ጨመረ,አራት,ድርጅት,ጋራ,ተከማቸ,ሀብት,ህግ,ገባ,ጠየቀ,አለ,,,,,,,,,,,,,,,
7,ሀሰተኛ,ድምጽ,ሰማ,አል,ሚዲያ,ሰአት,ላሰ,ዝግጅ*,ቤት,ደረሰ,ድርግ,ሰራ,አል,ምርጫ,ተመቸ,ህዝብ,መከረ,አለ,አለፈ,ባለ,እቅድ,,,,,,,
8,መሸ,ቸኰለ,ስብሰባ,ተጠናቀቀ,ወጣ,አቋም,ገለጸ,ፈረሰ,ብልጽግና,ተባለ,ፓርቲ,ጋራ,ሰራ,,,,,,,,,,,,,,,
9,አመት,መራ,ግፍ,ፈጸመ,ቀድሞ,ኢትዮጵያ,ከለከለ,አባል,ጨመረ,ፍርድ,ቤት,ወሰደ,ፈጸመ,ካሳ,ከፈለ,ህግ,ጠየቀ,ኖረ,,,,,,,,,,
10,አወቀ,,,,,,,,,,,,,,,,,,,,,,,,,,,
11,ኢትዮጵያዊ,ኰራ,አገር,ጠላት,ወራሪ,ደፈረ,ቅኝ,ገዛ,ዛሬ,cnj,ውስጥ,አገር,ደፈረ,አየ,ሴት,ልጅ,ወንድም,ደፈረ,አማ,,,,,,,,,
12,ውጤት,አበባ,ሞባይል,መኪና,ሆነ,ቻለ,,,,,,,,,,,,,,,,,,,,,,
13,intrj,አዲ,ጠፈፈ,ተመኘ,አበረ,ኖረ,ፈለገ,,,,,,,,,,,,,,,,,,,,,
14,ጀመረ,ቤተሰብ,ቀጠለ,ማህበረሰብ,ሰዋሰው,ማህጸን,ፍሬ,ወርቁ,ሆነ,,,,,,,,,,,,,,,,,,,
15,እርግጥ,ድምዳሜ,ቢሮ,አይን,አለ,ድምጽ,ሰማ,ተገኘ,አመነ,ቸገረ,,,,,,,,,,,,,,,,,,
16,እኛ,ቀን,ቀረረ,,,,,,,,,,,,,,,,,,,,,,,,,
17,ጸጋዬ,ተቃውሞ,ጀመረ,ኦሮሚያ,ሶስት,ፓርቲ,ጥምር,መንግስት,መረረ,ህዝብ,ፍቃድ,ውጪ,አለ,,,,,,,,,,,,,,,
18,ሳቅ,ፈገግታ,,,,,,,,,,,,,,,,,,,,,,,,,,
19,እናት,አስቀመጠ,አነሳ,አቀፈ,ቃመ,ያቺ,ቀን,cnj,እውስ,አል,ተቀመጠ,አሸ,አለ,ቻለ,,,,,,,,,,,,,,
20,ግልጽ,ጥያቄ,,,,,,,,,,,,,,,,,,,,,,,,,,
21,cnj,ገረመ,አማራ,ማረ,ሴት,አማራ,ማረ,ኦሮሚያ,ደፈረ,ተማረ,ደፈረ,ሞተ,አንድ,ሰው,አለመ,,,,,,,,,,,,,
22,ድርግ,በረታ,cnj,እርስ,ትልቅ,ቅሬታ,አለ,እምነት,ተቋም,ጥቃት,ደረሰ,ሞራል,ውድቀት,አል,አማራ,ተማረ,ሞራል,ውድቀት,አለ,ነበረ,አማራ,መረጠ,ነው,,,,,
23,ጠንካራ,ስራ,ህይወት,ተሸነፈ,ምሳሌ,ተስፋ,ቈረጠ,መሪነት,ደሴት,ሆነ,በላ,አህመድ,አሊ,በርታ,እኛ,ተከተለ,,,,,,,,,,,,
24,ልጅ,አደገ,ፈለገ,ወላጅ,ገረመ,,,,,,,,,,,,,,,,,,,,,,,
25,ነፍጠኛ,አስተሳሰብ,ጨፈለቀ,ዘረፈ,ገደለ,ሆነ,ቀጠለ,ነፍጠኛ,አለ,ግብ,ደረሰ,ተቃጠለ,ተቃጠለ,ጨፈረ,በደለ,ኰነነ,,,,,,,,,,,,
26,ምን,ፈራ,ድንቅ,ትምህርት,አገልጋይ,ዮናታን,አክሊል,,,,,,,,,,,,,,,,,,,,,
27,ሀዋሳ,ህዝባዊ,ስብሰባ,ጀመረ,,,,,,,,,,,,,,,,,,,,,,,,
28,መሀሪ,ታደሰ,ተባለ,ሄደ,ስም,ተገኘ,,,,,,,,,,,,,,,,,,,,,,
29,ቫይረስ,አለ,ቀፈፈ,ጤና,ስጋት,አለም,ጤና,ድርጅት,ዳይሬክተር,አድሀኖም,ሰጠ,ገለጸ,ቫይረስ,ደረጃ,ቻይና,ሀገር,ሰፋ,አለ,ፍጥነት,,,,,,,,,
30,ነው,አል,መልሰው,ደገመ,intrj,መሮ,ትግራይ,ላላ,ሀሳብ,መቃ,ቻለ,ትግራይ,ሄደ,ተቃወመ,ናስ,ፈለገ,ሄደ,ቻለ,አንድነት,ምን,,,,,,,,
31,አንተ,ሰከረ,ውሻ,ታየ,,,,,,,,,,,,,,,,,,,,,,,,
32,ህይወት,ኖረ,ድንግል,ሆነ,አንድ,ወንድ,ንብ,ለም,ወንድ,ንብ,ድንግል,አንዴ,ድርግ,ሞተ,,,,,,,,,,,,,,
33,ፈጠረ,ስህተት,ይቅርታ,ጠየቀ,ተመሰገነ,ሄደ,,,,,,,,,,,,,,,,,,,,,,
34,በላ,ወያኔ,ኢትዮጵያ,ለፋ,እውቀት,አየ,ኤርሚያስ,አሰረ,ገለጸ,ማንነት,ገለጠ,በረቀ,አንተ,ጠየቀ,,,,,,,,,,,,,,
35,ራስ,በደለ,ራስ,ክልል,ግልጽ,አቋም,አየ,ሞጣ,ክልል,ሙስሊም,ከፋ,ጭቆና,አመራ,ተገኘ,ተባለ,,,,,,,,,,,,,
36,ይቅርታ,cnj,ምን,አወቀ,አለ,ወለጋ,ጮኸ,,,,,,,,,,,,,,,,,,,,,
37,ሀገር,ተከላከለ,ግብ,ማን,,,,,,,,,,,,,,,,,,,,,,,,
38,ጠየቀ,intrj,ሀሬ,,,,,,,,,,,,,,,,,,,,,,,,,
39,አለ,አለ,ሰማ,ዜጋ,ኰራ,ወንድ,አለ,,,,,,,,,,,,,,,,,,,,,
40,ኦሮሞ,አባት,ከበረ,ኖረ,ግድ,,,,,,,,,,,,,,,,,,,,,,,
41,ለየ,ቦታ,በአል,ገበያ,ምርት,እጥረት,ዋጋ,ውድነት,ብሶት,ጐለተ,መጣ,ዘይት,ዱቄት,ጥረት,ብዛት,ፈለገ,ድጎማ,መጣ,ዘይት,ዱቄት,,,,,,,,
42,ብልጽግና,ፓርቲ,ህገወጥ,አለ,ፓርቲ,ብልጽግና,አዲ,መሰረተ,ህገወጥ,ጥገኛ,ፓርቲ,ገለጸ,,,,,,,,,,,,,,,,
43,አማራ,ክልል,መንግስት,ተሻለ,ገለጸ,ሰጠ,ጠበቀ,ገባ,ለበሰ,በር,ተቀመጠ,አባት,ተሻለ,ፖለቲካ,አመራር,ብቃት,አለ,እድር,ማህበር,,,,,,,,,
44,ሰሞን,አዲ,አበባ,ቤት,ገዛ,ደላላ,አናገረ,ጠየቀ,ጥያቄ,ቻለ,ቀድሞ,cnj,ታከለ,ካርታ,ታከለ,ካርታ,ከተማ,አጠረ,ከንቲባ,ትእዛዝ,ካርታ,ሰጠ,ተደረገ,አር,ቦታ,,,
45,አበረ,ደረሰ,,,,,,,,,,,,,,,,,,,,,,,,,,
46,ፍርሀት,ብዙ,ሞት,እጦት,ኖረ,ማን,ሞት,ገንዘብ,ንዋይ,ፈቀደ,አሰቃቂ,ቀን,እስዎ,መጣ,ደስታ,ተቀበለ,ሰው,እጅ,ሰቀቀ,ዘገምተኛ,ሞት,ተሰቃየ,,,,,,
47,ክልል,ግንኙነት,ረቂቅ,አዋጅ,ውይ*,አንድ,ክልል,ወከለ,ተገኘ,,,,,,,,,,,,,,,,,,,
48,መንገድ,ቢሮ,አበረ,ሚኒስቴር,ደረሰ,ዝግጅ*,ጎንደር,ከተማ,ምስራቅ,ጎጃም,ዞን,ተገኘ,እውቅ,,,,,,,,,,,,,,,
49,ዘንድሮ,ዞረ,ፒዛ,ገነጠለ,ወንድ,ዶሮ,ገነጠለ,አወቀ,,,,,,,,,,,,,,,,,,,,
50,ተአምር,ተባለ,አወቀ,ኢትዮጵያ,ሰፋ,ተአምር,ኢትዮጵያ,ልቅ,አፍ,መሀል,ልዩነት,እንዳለ,አወቀ,ተቋቋመ,ህክምና,ቀየረ,ድርግ,,,,,,,,,,,
51,አጼ,በላ,ተከላከለ,ሰራዊት,ኦሮሚያ,ልዩ,ፖሊስ,መረቀ,ወጣት,ወለጋ,ዘመተ,ኦሮሞ,ኦሮሞ,ገደለ,አየ,ከፋ,አውሬነት,ለም,እባብ,ወለደ,,,,,,,,
52,በረት,ወለደ,አለ,ደነቀ,አነሳ,ተናገረ,እውነት,አየነው,cnj,አለም,ውድ,ቦታ,ህንጻ,ወለደ,ክርስቶስ,ምን,ምን,ሰው,አእምሮ,ተደረሰ,ተቻለ,ትህትና,ጥግ,adv,,,,
53,ቴሌኮም,በጀት,አመት,አጋመሰ,እቅድ,ተሳካ,ተመለከተ,ሁለት,ቀን,ቈየ,ስጦታ,ደምበኛ,,,,,,,,,,,,,,,,
54,አማራ,አፈነ,አፈነ,ገደል,ቻቻለ,ዘመን,ሞተ,ኢትዮጵያዊ,ኦሮሞ,አለ,መሪ,ውጥንቅጥ,ወጣ,ሀገር,አስመሳይ,ነገሰ,,,,,,,,,,,,
55,በግ,ቢራ,ፍራሽ,ያዘ,አልታየ,ሊግ,ገባ,,,,,,,,,,,,,,,,,,,,,
56,ቁንጅና,ቅጥነት,ቁመት,ለካ,ቁንጅና,ጥሩ,,,,,,,,,,,,,,,,,,,,,,
57,አማራ,ተባለ,ሆድ,ዲሞክራሲ,ነጻነት,ራስ,ተዳደረ,በላ,ሰው,ልጅ,ገባ,ነገር,ተሳካ,ፈጸመ,ተቻለ,,,,,,,,,,,,,
58,ነው,ምን,,,,,,,,,,,,,,,,,,,,,,,,,,
59,አለ,ቀፈፈ,ደረጃ,ጊዜ,ሀገር,ደገመ,እኛ,ጊዜ,ተከበረ,አለም,intrj,ኤድስ,ቀን,ህብረተሰብ,ለውጥ,አቅም,መሪ,ቃል,እነብሴ,ሳር,ምድር,ወረዳ,ተከበረ,,,,,
60,intrj,እሱ,,,,,,,,,,,,,,,,,,,,,,,,,,
61,ልዩነት,ተቀበለ,ቻለ,ችግር,,,,,,,,,,,,,,,,,,,,,,,,
62,ዛሬ,ያዘ,ማረ,ጉዳይ,ሁለት,አመት,ፌዴራል,መንግስቱ,ፈጠረ,ብሄር,አለፈ,መንግስታዊ,መዋቅር,ጠቀመ,ተካሄደ,ሽብር,,,,,,,,,,,,
63,ጨረሰ,ሰአት,ድረስ,ጐን,ነው,እውነት,ተሸነፈ,አንዳንድ,ደቂቃ,ጠፋ,አለ,ምርጫ,ድል,ተጠናቀቀ,ድረስ,ድል,ዲሞክራሲ,ድል,ኢትዮጵያ,,,,,,,,,
64,በለው,ተቃርኖ,እኔ,ጨረሰ,ፊት,ስም,አለ,,,,,,,,,,,,,,,,,,,,,
65,adv,አቢይ,ጠረጴዛ,post,ተንበረከከ,ወላጅ,ይቅርታ,ጠየቀ,ፎቶ,ማናየ,,,,,,,,,,,,,,,,,,
66,ጠበቀ,ሀጢአት,ገዥ,ሀሳብ,ኖረ,ፈለቀ,ቻለ,ነቀዝ,በላ,አእምሮ,ብዙ,ጠበቀ,ያዘ,,,,,,,,,,,,,,,
67,አቶ,ጌታ,አሰፋ,አለ,መታ,ሀገር,ውጭ,ውስጥ,ጠላት,ጠበቀ,ረገድ,ድርግ,ውጤታማ,ስራ,ምስጋና,ቀረበ,ወደደ,ሂደት,ደረሰ,,,,,,,,,
68,ውጪ,ሀገር,ባህል,ገለበጠ,ባህል,cnj,እንዳለ,ተቀበለ,ባህል,ነው,ተወ,cnj,አል,ያዘ,ልብ,ሳቀ,አለ,ሳተ,ፈረንጅ,እናት,አባት,,,,,,,
69,ቀረጸ,መጣ,ብዙ,,,,,,,,,,,,,,,,,,,,,,,,,
70,ቸሩ,ወርሀዊ,አሰበ,አል,ሰላም,ደረሰ,ደረሰ,ቸሩ,ክፉ,ጠበቀ,ልብ,ሻ,ፈጸመ,ሀገር,ሰላም,ፍቅር,አንድነት,አደለ,አየ,እለት,ሆነ,,,,,,,
71,እውነት,ወጣ,አብይ,ቀጭን,ትእዛዝ,ገደለ,,,,,,,,,,,,,,,,,,,,,,
72,ባልደራስ,ምክር,ቤት,ዘመቻ,እነማን,,,,,,,,,,,,,,,,,,,,,,,
73,የት,አየ,ወጣ,,,,,,,,,,,,,,,,,,,,,,,,,
74,intrj,ምሁር,አባት,አለ,ተጨማለቀ,ተደረገ,,,,,,,,,,,,,,,,,,,,,,
75,በር,ፈለገ,በጭራሽ,ቸገረ,,,,,,,,,,,,,,,,,,,,,,,,
76,ጅብ,ቆዳ,ተሰራ,ክራር,ቅኝት,በላ,በላ,መሪ,ወንጀለኛ,ነው,ህዝብ,ከለለ,ቈየ,ጊዜ,ላቀ,ፍርድ,ቀረበ,ጊዜ,ናፈቀ,,,,,,,,,
77,ጎሳ,ክልል,ተባለ,ቫይረስ,ወረሰ,ነበረ,cnj,ዱር,እንስሳነት,ደረጃ,አደገ,ነቀርሳ,ማቀቀ,ናንት,ንቁ,,,,,,,,,,,,,
78,መልእክተኛ,አል,ሳበ,ድርግ,ድርግ,ዘገበ,ህይወት,ጎዳና,,,,,,,,,,,,,,,,,,,,
79,እኛ,ደስተኛ,ነው,,,,,,,,,,,,,,,,,,,,,,,,,
80,ደንበኛ,አገልግሎት,ጠቀመ,ሆነ,ልብ,ተመሰገነ,,,,,,,,,,,,,,,,,,,,,,
81,ቤተሰብ,ታደለ,ቤተሰብ,ታደለ,ቤተሰብ,ዘመን,ተባለ,ብላሽ,ድራማ,አየ,ቤተሰብ,,,,,,,,,,,,,,,,,
82,አማርኛ,ፖሊስ,ድርግ,ጠራ,ግለሰብ,መቀሌ,ከተማ,ተገኘ,አወቀ,,,,,,,,,,,,,,,,,,,
83,ጀግና,አዲ,ልጅ,,,,,,,,,,,,,,,,,,,,,,,,,
84,ስምምነት,ዝርዝር,አወቀ,ኢትዮጵያ,ዘላቂ,ጥቅም,ጐዳ,ረገጠ,ድረስ,ምን,አይነት,ስምምነት,ፈረመ,ጫና,ተደረገ,ስምምነት,ተቀባይነት,ኖረ,,,,,,,,,,
85,አህያ,ወሰደ,አለ,,,,,,,,,,,,,,,,,,,,,,,,,
86,ኢትዮጵያዊ,ገደለ,አዘነ,ኰራ,አወቀ,ህዝብ,መጥፎ,ተመኘ,cnj,ጤንነት,ነው,ወደብ,ፈለገ,ፍቅር,ሰማ,አለ,ሀይል,intrj,አየ,ግኝ*,ኢትዮጵያዊ,አሰረ,,,,,,
87,አደገ,ፈለገ,,,,,,,,,,,,,,,,,,,,,,,,,,
88,አባት,ፈቃድ,ወረደ,ማርያ,እንግዳ,እግዚአብሄር,ንጹህ,ድንግልና,ወለደ,እንስሳ,በረት,ጨመረ,ንግስ,እጅ,ነሳ,ተቀበለ,እናት,ጡት,ምግብ,ለመነ,ህጻን,ደረሰ,,,,,,
89,ደረሰ,ያዘ,መራ,ውል,ጊዜ,ገነባ,መሰለ,ጅል,ተገኘ,,,,,,,,,,,,,,,,,,,
90,ሆነ,ወላይታ,ሶዶ,አራ,ጨረሰ,ቀን,ጉባኤ,ምሽት,አማረ,መልክ,ተጠናቀቀ,ድንቅ,ውበት,ደስታ,,,,,,,,,,,,,,
91,ገና,በአል,ተመለከተ,ደረሰ,መልካ,ምኞት,ገለጠ,ላከ,አጋር,,,,,,,,,,,,,,,,,,,
92,አዲ,ለቀቀ,ጠቀመ,,,,,,,,,,,,,,,,,,,,,,,,,
93,ሞባይል,ካርድ,ከፈለ,ቻለ,እስዎ,ደንበኛ,አገልግሎት,ሂሳብ,ከፈለ,ረገጠ,አጭር,ጽሁፍ,መልእክት,ደረሰ,ተመሰገነ,,,,,,,,,,,,,
94,ያሬድ,ሙከራ,እድል,ግኝ*,,,,,,,,,,,,,,,,,,,,,,,,
95,አይነት,ዲቃላ,ንግግር,ማን,ጠቀመ,ኢትዮጵያ,ህልውና,ትውልድ,እጅ,ትውልድ,ዘር,ቋንቋ,ሀይማኖት,ለየ,አጭር,,,,,,,,,,,,,
96,ክቡር,ጠቀለለ,ሚኒስቴር,ሀገር,ረጋ,ኢትዮጵያ,ኢኮኖሚ,አሉታዊ,ተጽእኖ,አደረ,አገጭ,አማረ,,,,,,,,,,,,,,,,
97,ለአለም,ተጫወተ,cnj,intrj,ጊዜ,እውነቱ,አወቀ,intrj,ቅኝት,,,,,,,,,,,,,,,,,,,
98,አመት,ቈጠረ,አለ,ግብር,ህይወት,ተንጠለጠለ,ማረሻ,ዶማ,በሬ,ፍጥነት,አመት,ጊዜ,መረተ,ከተማ,ነዋሪ,ውድነት,ከለበ,,,,,,,,,,,
99,ትእግስት,በቀለ,ዘፈን,,,,,,,,,,,,,,,,,,,,,,,,,
100,ሳበ,ጸሀይ,መሰለ,ኩራዝ,ጠፋ,,,,,,,,,,,,,,,,,,,,,,,
101,ተናገረ,ቀላል,ነው,ኖረ,አማርኛ,ጠጣ,አለ,ፖለቲከኛ,ጠጣ,ገጨ,,,,,,,,,,,,,,,,,,
102,መንግስት,ቃል,ተቀበለ,አቶ,ንጉስ,ጥላሁን,ስር,እገዛ,ፍቃደ,ለቀቀ,አለባቸው,ህዝብ,ዋሸ,ገደለ,ወንጀል,ቈጠረ,ዜጋ,ውሸት,አጀንዳ,ቀለደ,ቆመ,,,,,,,
103,አብርሀ,ሞተ,አልበም,ሰራ,አወቀ,intrj,,,,,,,,,,,,,,,,,,,,,,
104,በዙ,ምስግ,አለ,ምስክር,ፈለገ,cnj,,,,,,,,,,,,,,,,,,,,,,
105,ሀገር,በቀል,እውቀት,ተመራማሪ,ይርጋ,ገላ,ተሰኘ,መጽሀፍ,ሀሳብ,ውይይት,ድርግ,,,,,,,,,,,,,,,,,
106,part,አለ,ጾም,ፈታ,ፍትፍት,ፍትወት,ተወራ,አለ,,,,,,,,,,,,,,,,,,,,
107,ተስፍ,ተቀበለ,አባ,ትርጉም,አገልግሎት,ሰጠ,መስመር,አለ,,,,,,,,,,,,,,,,,,,,
108,ፓርቲ,ህጋዊ,ፍቃድ,ውጭ,ዜጋ,አባል,መዘገበ,መንግስቱ,ፍንግጥ,ፓርቲ,ከሰሰ,,,,,,,,,,,,,,,,,
109,መስተፋቅር,ዋጋ,ገባ,አወቀ,,,,,,,,,,,,,,,,,,,,,,,,
110,ልደት,ሰሞን,ሰማ,ዜማ,አማረ,መዝሙር,አለ,ዮሴፍ,ሰሎሜ,ሆነ,ኢየሩሳሌም,ኢየሩሳሌም,ኢየሩሳሌም,ሆነ,አምላክ,ወለደ,,,,,,,,,,,,
111,ኦሮሞ,ነው,አዳማ,አምቦ,አየ,ልዩ,ጥቅም,ተባለ,ፍጹም,ኦቦ,ዳውድ,ኢብሳ,,,,,,,,,,,,,,,,
112,መንግስት,ቀደመ,ተግባር,ዜጋ,ደህንነት,ረገጠ,ማረ,አስቸኳይ,ፈታ,,,,,,,,,,,,,,,,,,,
113,ዘበተ,መጣ,አለ,ቃል,ቀድሞ,አባት,ዘመን,ፊት,አለ,ፈጠረ,ጴጥሮስ,,,,,,,,,,,,,,,,,
114,ማ,መገርሳ,ትናንት,ስራ,አገር,ሄደ,ለመደ,መስመር,ገባ,ሞከረ,ከለከለ,ከተራ,ሰፈረ,ተራ,ያዘ,ሰፈረ,ድርግ,ወረደ,,,,,,,,,,
115,አልበም,ደረጃ,አወቀ,አቦነሽ,ስራ,ባላገር,ጉራጌ,ደሳለኝ,አለ,ስራ,ወጣ,ስራ,,,,,,,,,,,,,,,,
116,ቀላል,,,,,,,,,,,,,,,,,,,,,,,,,,,
117,ተወ,አለ,አለ,ኦሮሞ,የዋህ,አመት,ገዛ,አይነት,ቃል,ተናገረ,ቃመ,ተግባር,cnj,ሀሳብ,adv,ስልጣን,ያዘ,ኢትዮጵያ,,,,,,,,,,
118,አለ,ተጨነቀ,intrj,ልሙጥ,ሽሮ,ወደደ,አለ,ቦዘ,,,,,,,,,,,,,,,,,,,,
119,ራስ,መንግስት,ጠራ,አራት,ኪሎ,ዘረኛ,ስብስብ,ስልጣን,እድሜ,ጥቂት,ቀረ,ህገወጥ,ቡድን,ስልጣን,ለቀቀ,አሁን,ደንብ,ገመተ,ተቻለ,ፖለቲካ,,,,,,,,
120,መሀል,አገር,ትግራይ,ፍቅር,ልዩ,እውነት,አለ,ቀን,ኑሮ,ሰላም,ቀውስ,ገጠመ,ትግራይ,ጣመ,ለውጥ,ጣመ,አፈነ,ቀረ,ቀና,ፍቅር,,,,,,,,
121,አብሽር,ትንሽ,ላላ,ጨዋታ,,,,,,,,,,,,,,,,,,,,,,,,
122,ሽብር,ተግባር,ክልል,ሄደ,ጥፋት,ፈጸመ,ይፋ,አወገዘ,ተግባር,ጠቀሰ,ሽብርተኛ,ከለላ,በደለ,ከተማ,ሙስሊም,አሰረ,,,,,,,,,,,,
123,ተሰራ,ታሪክ,ኰራ,ደገመ,ሰራ,cnj,ወደደ,ሰው,ሆነ,እስልምና,ተቀበለ,ኢትዮጵያ,ንጉስ,ኰራ,አሁን,cnj,አዲ,መጣ,ደነገጠ,እምነት,ቀየረ,ገረመ,,,,,,
124,ሰአት,ገባ,አመለጠ,ሰሞን,ቀጠለ,ነበረ,አውስትራልያ,ጥቅጥቅ,ደን,ዝናብ,ዘነበ,ጀመረ,ሰማ,ሌላ,አዲ,አለ,ረባ,አለ,,,,,,,,,,
125,ሙስና,ገለጸ,አነስተኛ,ገንዘብ,መሬት,ለቀቀ,ህይወት,ነገር,መጠነ,ሀገር,ጠቀመ,ጉዳይ,መሬት,ኖረ,,,,,,,,,,,,,,
126,ጥንት,ላቲን,ጻፈ,እኔ,ያህ,ባእድ,ቋንቋ,ባእድ,ሀገር,ጻፈ,ቀረ,ራስ,ቋንቋ,ጻፈ,ድግት,ልክ,አባ,ተስፋስላሴ,ሞገስ,,,,,,,,,
127,ተራ,ትርጉም,ሌላ,ነፈሰ,ምሁር,እኩል,ቈጠረ,ረገጠ,ገዛ,አለ,ተጋዘ,ፍትህ,ቆመ,አለ,ኦሮሞ,እስር,ቤት,ታሪክ,ተናገረ,,,,,,,,,
128,እግር,ዘረጋ,ጠረገ,ሰው,አይነት,ህሊና,ብር,ስሜት,ልብ,ሰበረ,,,,,,,,,,,,,,,,,,
129,አማራ,ዩኒቨርስቲ,ማረ,ተመለከተ,ጥሩ,ዘገበ,ተመሰገነ,,,,,,,,,,,,,,,,,,,,,
130,እሱ,አየለ,adv,ፖለቲካ,ግኝ*,ከባድ,ሚዛን,,,,,,,,,,,,,,,,,,,,,
131,አለፈ,ጠየቀ,መስፈርት,ቦታ,ብቁነት,ምን,ረገጠ,ብይ,ጠማ,በጎ,ፈቃድ,አለ,,,,,,,,,,,,,,,,
132,ደደብ,ኢትዮጵያ,መሪ,ሆነ,ባእድ,ሀገር,ቋንቋ,ግድ,ነው,ቀና,ገዛ,ቋንቋ,ባሪያ,ሆነ,አወቀ,ገረመ,ቅኝ,ተገዘተ,አወቀ,,,,,,,,,
133,መንግስታዊ,መታ,ወገን,ፖለቲካዊ,ጨዋታ,ቆመ,ህይወት,መለሰ,ጠየቀ,አቶ,ንጉስ,ጥላሁን,አማራ,እቃ,ተጫወተ,ድርግ,ቀጠለ,,,,,,,,,,,
134,አሁን,ድረስ,ረገጠ,ለም,አማርኛ,ለቀቀ,ለቀቀ,አሁን,አወቀ,,,,,,,,,,,,,,,,,,,
135,ኢትዮጵያ,ሰብአዊ,መብት,ኮሚሽን,ኮሚሽነር,ዶክተር,ዳንኤል,በቀለ,ማረ,ግልጽ,ማብራሪያ,ሰጠ,ጠየቀ,,,,,,,,,,,,,,,
136,አዋሽ,ባንክ,ደበነ,ድንገተኛ,ጠቅላላ,ጉባኤ,ህዳር,አመመ,አዲ,አበባ,ሆቴል,,,,,,,,,,,,,,,,,
137,ጨለማ,ጨረቃ,ሌሊት,ዳንስ,ልጅ,ጨለማ,ጌታ,ጥልቅ,ተመለከተ,ማስታወሻ,እርስ,ግኝ*,ስቃይ,ተሰቃየ,,,,,,,,,,,,,,
138,እግር,አከለ,ምርጥ,,,,,,,,,,,,,,,,,,,,,,,,,
139,ጀመረ,ቻለ,ሰጠ,cnj,በቃ,አሁን,ቅስቀሳ,ጀመረ,አል,ተባለ,ውይይት,ንግግር,ህዝብ,መረጠ,አለ,ዘመቻ,cnj,ጀመረ,ተቻለ,ምርጫ,,,,,,,,
140,አለ,ችግር,አነሳ,ተሻለ,ምሳሌ,ዛሬ,ሙስሊም,መራ,መሰረተ,ልማት,ደረሰ,ተደረገ,ፖለቲካ,ተሳተፈ,adv,,,,,,,,,,,,,
141,ጩኸት,ገነፈለ,ወንጀል,ጩኸት,መላ,ፍጡር,ጩኸት,ፍትህ,ኖረ,ህግ,ክልል,ደረጃ,ይፋ,ጣሰ,ተቃወመ,ደረሰ,ማንነት,ገደለ,ልብ,አለ,ሀዘን,ቅሬታ,ንዴት,ገራ,,,,
142,ሞጣ,ደረሰ,ጉዳት,ሙስሊም,ክርስቲያን,አየለ,አማራ,ወጣ,አማራ,ክልል,እስልምና,ጉዳይ,ምክር,ቤት,ሰብሳቢ,ሰይድ,እንድሪስ,አማራ,ቀረበ,ተናገረ,,,,,,,,
143,adv,ሳበ,ብርሀን,ጠላ,ፉክክር,ምርጫ,ተሸነፈ,ስልጣን,ቈጠረ,አስቻለ,intrj,መሰለ,ውነተኛ,ሆነ,ጀመረ,መረጠ,ልዩነት,ጠበበ,አበረ,ሰራ,ሞከረ,,,,,,,
144,ኢትዮጵያ,ከፍተኛ,ሊግ,ጨዋታ,ውጤት,አዲ,አበባ,ከተማ,ከለከለ,,,,,,,,,,,,,,,,,,,
145,ኢትዮጵያ,ብሄራዊ,ምርጫ,ቦርድ,አመራር,ዛሬ,ሰጠ,ምላሽ,ቅስቀሳ,ጀመረ,ድርግ,ፓርቲ,ቦርድ,ጠራ,አለ,አመመ,አጃ,,,,,,,,,,,
146,ዘመን,አሰረ,አሁን,አምላክ,ቀለደ,ገደለ,እኛ,ቻለ,መድረክ,,,,,,,,,,,,,,,,,,,
147,አፋር,ወንድ,እህት,ዛሬ,ዘመናዊ,መንደር,ግንባታ,መሀል,አዲ,አበባ,ጎተራ,ከበበ,,,,,,,,,,,,,,,,
148,አራዳ,ልጅ,አለ,,,,,,,,,,,,,,,,,,,,,,,,,
149,አንተ,ምንጭ,ሆነ,ምድር,አዳም,ተናገረ,እሱ,ፊት,ማን,አለ,እርግጠኛ,ነው,ጥቅስ,አነበበ,አዲ,አድማስ,ጋዜጣ,ዛሬ,አመት,ከበበ,,,,,,,,
150,ጥሩ,ቢራ,አወቀ,አየ,አመለጠ,,,,,,,,,,,,,,,,,,,,,,,
151,ታክሲ,አበደ,አለ,,,,,,,,,,,,,,,,,,,,,,,,,
152,ላሊበላ,እንግዳ,ተቀበለ,ቱሪስት,ተደረገ,ክርስቶስ,ከፍታ,አስተማረ,,,,,,,,,,,,,,,,,,,,
153,እምር,cnj,ቡና,ጃጀ,ሽማግሌ,መራ,የት,ጡረታ,,,,,,,,,,,,,,,,,,,,
154,ወንድም,ስድብ,ድክመት,ገለጸ,ወረደ,ሰው,በላ,ድርግ,እሱ,አለፈ,ዋጋ,ሌላ,አመነ,ደገፈ,ሀሳብ,አለ,ድርግ,ፎቶ,ተሻለ,ምክንያት,ፈለገ,,,,,,,
155,ግእዝ,ቋንቋ,ተማረ,ሰፊ,እድል,,,,,,,,,,,,,,,,,,,,,,,
156,መላ,ክርስቶስ,ልደት,አል,ሰላም,ደረሰ,,,,,,,,,,,,,,,,,,,,,,
157,ዱላ,መታ,ጥይት,ተሻለ,አለ,,,,,,,,,,,,,,,,,,,,,,,
158,intrj,እኛ,እውነት,cnj,ተመለከ,ሀይማኖት,አምላክ,አወቀ,,,,,,,,,,,,,,,,,,,,
159,ወሎ,ቆንጆ,ፈለቀ,,,,,,,,,,,,,,,,,,,,,,,,,
160,ጥሩ,መልእክት,ላከ,ብዙ,ረዳ,ቋንቋ,ላከ,,,,,,,,,,,,,,,,,,,,,
161,ቋጥኝ,ደረሰ,,,,,,,,,,,,,,,,,,,,,,,,,,
162,መልእክት,ሚስት,ከለከለ,,,,,,,,,,,,,,,,,,,,,,,,,
163,ልብ,በላ,አመት,ህጻን,እጅ,አዘዘ,ለቀቀ,ጠየቀ,ብር,ድሀ,ቤተሰብ,ከፈለ,ቻለ,አወቀ,ገንዘብ,ሰው,ህይወት,ተቀመጠ,ዘረፈ,ፖለቲካ,ድርጅት,ነው,ፍትህ,ፍትህ,,,,
164,ምስኪን,የዋህ,አማኝ,intrj,አዘነ,ፖለቲከኛ,,,,,,,,,,,,,,,,,,,,,,
165,ወለደ,ነጻነት,ኖረ,ተገኘ,አብ,ሀላፊ,አቶ,በለጠ,ካሳ,ልጅ,ምኒልክ,በለጠ,ጻፈ,ደብዳቤ,,,,,,,,,,,,,,
166,ትግራይ,አለ,ትግሬ,ብሄር,ተባበረ,ዜና,ወጣ,አለ,አረር,ተመለከተ,,,,,,,,,,,,,,,,,,
167,ብዙ,ፈውስ,,,,,,,,,,,,,,,,,,,,,,,,,,
168,አሰልጣኝ,ዘላለም,ሽፈራው,ቡድን,አረመ,ድርግ,ጅማ,አባ,ቡና,ብሄራዊ,ሊግ,ቡድን,,,,,,,,,,,,,,,,
169,ትግራይ,ተገኘ,ፓርቲ,ኦሮሚያ,ተማረ,ጋዲሳ,ትግራይ,ተቋቋመ,ሲዳማ,ክልል,ተገኘ,ፓርቲ,እርምጃ,ወደደ,መልካ,,,,,,,,,,,,,
170,አይነት,መራ,አለ,n,በሬ,cnj,ህጻን,መራ,ሰጠ,ተገቢ,ወለደ,,,,,,,,,,,,,,,,,
171,ሞያ,ሰብአዊ,መብት,ትግል,ፖለቲካ,ስራ,ተዳበለ,መተግበር,ቻለ,ጥያቄ,ዙሪያ,ተደረገ,ውይይት,,,,,,,,,,,,,,,
172,በገና,ፍቅር,በለጠ,,,,,,,,,,,,,,,,,,,,,,,,,
173,ጦርነት,ጊዜ,ሞተ,ኢትዮጵያዊ,እጥፍ,እኛ,ወገን,ሞተ,በለጠ,ተሸነፈ,አለ,ቦታ,ቅጠል,ረገፈ,እናንተ,ወጣት,,,,,,,,,,,,
174,ሄኖክ,ደነቀ,ተቻለ,ሁሉ,ጀመረ,መሰለ,ሁሉ,ህዝብ,አወቀ,ጠበቀ,አለ,,,,,,,,,,,,,,,,,
175,ነበረ,ጥንቅቅ,እናት,ሀገር,ሰላም,ናደ,መለስ,አማኑኤል,መልካ,ፍቃድ,,,,,,,,,,,,,,,,,,
176,ቀጠለ,ፈረደ,አለ,ገባ,,,,,,,,,,,,,,,,,,,,,,,,
177,ምን,ጠገበ,ሰደበ,ሙያዊ,ብቃት,ደነቀ,ፈራ,መንጋ,እረኛ,ነገር,ማእረግ,ማረ,ከባድ,ገዛ,አገር,አመሰ,,,,,,,,,,,,
178,አለ,በሬ,እኔ,ከፋ,በደል,ነገረ,ሳር,ተፋ,,,,,,,,,,,,,,,,,,,,
179,ወንበር,እጅ,ወገብ,ፊደል,,,,,,,,,,,,,,,,,,,,,,,,
180,መላ,ኢትዮጵያ,ክርስቲያን,ገና,አል,ብልጽግና,አል,ሆነ,,,,,,,,,,,,,,,,,,,,
181,አማራ,ውጪ,ልክ,,,,,,,,,,,,,,,,,,,,,,,,,
182,ኢትዮጵያ,ፕሪሚየር,ሊግ,አለ,ሰራ,ሰለጠነ,ክለብ,ፈታ,ልፊያ,አንዳንድ,አሰልጣኝ,ሬዲዮ,ቀረበ,ሚዲያ,አለ,አሳፋሪ,,,,,,,,,,,,
183,ጨዋታ,አዋቂ,ልጅ,cnj,ሞት,ክፉ,,,,,,,,,,,,,,,,,,,,,,
184,አፋር,ወሎ,ክልል,ፈለግ,ኖረ,መብት,ኮምቦልቻ,አፋር,ተዋከበ,እንዳለ,ሰማ,ድርጊት,ፈጸመ,ስርአት,ያዘ,,,,,,,,,,,,,
185,መልካ,ልደት,አል,ኢሳያስ,,,,,,,,,,,,,,,,,,,,,,,,
186,እስራኤል,ዳነ,ወንጀል,ተጠረጠረ,ፍርድ,ቤት,ቀረበ,ሀገር,ለየ,ከበበ,ተዘዋወረ,እምነት,ሰበከ,ሰው,ለየ,መንገድ,ፈወሰ,አለ,እስራኤል,ዳነ,ተዛመደ,,,,,,,
187,ሀሳብ,ሰማ,እስክንድር,ነጋ,አብይ,አህመድ,ተደረገ,መጠን,አለፈ,ግማሽ,ገደለ,አገር,ራስ,ሀሳብ,ያዘ,ገባ,ከለከለ,አለ,,,,,,,,,,
188,ጥላቻ,ጊዜ,ሰው,ጥሩ,ዋለ,ችግር,,,,,,,,,,,,,,,,,,,,,,
189,እቃ,ቈፈረ,ዋለለ,ጥላቻ,ጀመረ,ነው,እልክ,አለፈ,በሽታ,,,,,,,,,,,,,,,,,,,
190,ሀሰት,ተስፋ,ጠፋ,እውነተኛ,ነው,አመነ,ርኩስ,ነው,,,,,,,,,,,,,,,,,,,,
191,እስክንድር,ራስ,ቀየረ,ደብተራ,,,,,,,,,,,,,,,,,,,,,,,,
192,ወይን,ወገን,ተሻለ,አነሰ,ደገመ,መኪና,አደጋ,በዛ,እግዚአብሄር,አረቀ,,,,,,,,,,,,,,,,,,
193,ዳር,ቆመ,አየ,ጊዜ,ነው,ዳር,ቆመ,አየ,መብት,ተሰለፈ,ሰጠ,መሪ,ብርሀን,ነጋ,ፕሮፌሰር,,,,,,,,,,,,,
194,ከባድ,ሴራ,ቍጥር,ሞከረ,አለ,ተቃራኒ,ቡድን,,,,,,,,,,,,,,,,,,,,,
195,አማራ,ማረ,ደም,ጨዋታ,ሳምንት,ፊት,አማራ,ማረ,አብይ,አመነ,ባሪያ,አቶ,ተመስገን,ተማረ,አል,ዛሬ,ኦሮሚያ,መንግስት,አወቀ,አል,ዛሬ,ገንገበት,ንጉስ,ለቀቀ,ቀረረ,,,
196,ጀግና,እህተ,ዘይት,በላ,ተላለፈ,መልእክት,,,,,,,,,,,,,,,,,,,,,,
197,ደሀ,ደንታ,ቢስ,ሆነ,እድገት,ቀጣይ,ቻለ,ተመለከተ,መንግስት,ሀላፊ,አለ,መብት,አፋጣኝ,እርምጃ,ወሰደ,አሰበ,ተገቢ,,,,,,,,,,,
198,ዜና,ኮፒ,ድርግ,ጠቀሰ,ድርግ,ሙያ,ነውር,ረዳ,እኔ,,,,,,,,,,,,,,,,,,,
199,እውነት,ተናገረ,እስር,ወጣ,ተረከበ,ነበረ,አደራ,ምክር,ነበረ,አክራሪ,አለ,ፖለቲካ,ስል,ሞጣ,ግልጽ,ጥቃት,ሸፈነ,መከራ,አየ,,,,,,,,,
200,ቅድሚያ,ዲሞክራሲ,ሚዲያ,ፍትህ,እኩል,ተጠቃሚነት,ረገጠ,ሚና,ውጥእ,ህብረተሰብ,ችግር,ጐላ,ነቀፈ,,,,,,,,,,,,,,,
201,part,አለ,cnj,ጀመረ,አረገ,እውነት,ጠየቀ,ልክ,አለ,num,አለ,ተሻለ,,,,,,,,,,,,,,,,
202,ረዳት,ሂሳብ,ሰበሰበ,ሰጠ,ሄደ,ሰበሰበ,አበረ,ሄደ,,,,,,,,,,,,,,,,,,,,
203,ብርሀን,ባንክ,ፈጠረ,ተባለ,ስምምነት,መንግስት,አማ,ባንክ,አለ,ጤናማ,ውድድር,ተበላሸ,እንግዳ,ስምምነት,,,,,,,,,,,,,,
204,ወንዳገረድ,ገታ,part,ብይ,ሰማ,ለቀቀ,አቶ,ንጉስ,ለቀቀ,ቀረ,አለመ,,,,,,,,,,,,,,,,,
205,ማር,ጠበቀ,ተባለ,አሁን,አይነት,ጥሩ,ንግግር,ጠበቀ,ተማረ,ከብት,ሳበ,ፈጣሪ,ጠበቀ,አለ,intrj,አለ,,,,,,,,,,,,
206,መዥገር,ምን,መልክ,አማራ,ኢትዮጵያ,ፖለቲካ,ለቀቀ,ተቻለ,ሰራ,ሴራ,ፖለቲካ,adv,ብዙ,ዋጋ,ከፈለ,,,,,,,,,,,,,
207,ጥያቄ,ነካ,ጓሮ,ጉዳይ,ጅቡቲ,ደረሰ,ፈላ,ነውረኛ,ወጠጤ,ታገሰ,ብድር,ሸጋ,ዘመድ,ገለጠ,intrj,,,,,,,,,,,,,
208,እቃ,ሁሉ,ኮፒ,ትርጉም,ጀመረ,ስድብ,ጠቀመ,ሆነ,,,,,,,,,,,,,,,,,,,,
209,አብ,መካከለኛ,ምስራቅ,ድርግ,አሰበ,ጉብኝት,መንግስት,ይሁንታ,ግኝ*,አለ,ገለጸ,,,,,,,,,,,,,,,,,
210,part,እግዚአብሄር,ዳነ,ተስፋ,ድርግ,መልካ,,,,,,,,,,,,,,,,,,,,,,
211,ጐዳ,ሀዘን,adv,ወጋ,ጊዜ,ጕርምርም,ቁስል,አለ,ደም,ፈሰሰ,አይን,አለ,ምሳሌ,,,,,,,,,,,,,,,
212,ማረ,ጉዳይ,ጠቀለለ,ሚኒስቴር,ጽህፈት,ቤት,ዛሬ,መሸ,ሰአት,ገለጸ,ሰጠ,ሳይንስ,ከፍተኛ,ትምህርት,ሚኒስቴር,ሳሙኤል,ክፍል,አዲ,ማለዳ,ተናገረ,,,,,,,,
213,አደገ,አለ,ሀገር,ጥሩ,ሰማ,አለ,መታ,አለ,ክፍተት,አወቀ,እድገት,ምንጭ,ገለጸ,ምሳሌ,ብድር,ምጣኔ,ልክ,,,,,,,,,,,
214,adv,በላ,ሰላም,ሽልማት,በቃ,ብልጽግና,ኦሮሞ,ተባለ,አወቀ,አሜሪካ,ታገለ,ሆነ,ሽልማት,ገባ,አል,ከበረ,,,,,,,,,,,,
215,አል,ሰላም,ፍቅር,ሆነ,,,,,,,,,,,,,,,,,,,,,,,,
216,አጠቃላይ,ግማሽ,ቢሊዮን,ብር,ገመተ,ባእድ,ቀላቀለ,ገመተ,ቅቤ,ማር,ምርት,ተጠረጠረ,ያዘ,ኢትዮጵያ,ምግብ,መድሀኒት,ቁጥጥር,ባለስልጣን,አወቀ,,,,,,,,,
217,ስራ,ከንቱ,intrj,,,,,,,,,,,,,,,,,,,,,,,,,
218,አመት,አል,ደስታ,ፍቅር,ከበረ,ቀን,ለየ,ምክንያት,ቤተሰብ,ክብር,ቻለ,ረሳ,,,,,,,,,,,,,,,,
219,እስክንድር,ነጋ,አስራት,ድርግ,ዳመጠ,ረዳ,ኖረ,ሰአት,እስክንድር,ፈለገ,ምርጫ,ህክምና,,,,,,,,,,,,,,,,
220,መቼ,ትርጉም,intrj,,,,,,,,,,,,,,,,,,,,,,,,,
221,ሰው,ልጅ,መልካም,ተመኘ,ተስፋ,ቈረጠ,ተስፋ,ቀጠለ,አቅጣጫ,ጠፍ,ትክክለኛ,አቅጣጫ,አየ,ደከመ,ብርታት,ሰጠ,እውቀት,ሌላ,እውቀት,ከፈለ,ሀገር,መሪ,እናት,ሰላም,በዛ,,,
222,ዋና,ትግል,አሰበ,ውነተኛ,ህዝብ,ልጅ,ሞተ,ዛሬ,ጋረ,ልጅ,ትግል,መና,ቀረ,በቀለ,ቀን,ሩቅ,ሆነ,,,,,,,,,,,
223,ብልጽግና,ፓርቲ,አላማ,መስመር,ልዩነት,ምክንያት,ተወሀደ,አወቀ,ቸኰለ,ድርጅታዊ,ጉባኤ,ጉባኤ,ነጥብ,አቋም,ገለጸ,ወጣ,ተጠነቀቀ,,,,,,,,,,,
224,ሀገር,ወግ,ነገረ,አለ,አለ,ሀገር,አዲ,ለም,አዲ,አሁን,ታጨ,num,ገደለ,ሹመት,ሞተ,መቃብር,አሁን,ቀረበ,አረደ,ምርጫ,ደረጀ,እስር,,,,,,
225,ገረመ,አሁን,ሀሳብ,ነፍጠኛ,ማን,እጅ,ጠመዘዘ,ሳበ,መዘዝ,ብዙ,ፈጣን,እርምጃ,ፈለገ,,,,,,,,,,,,,,,
226,ዜና,ኮፒ,ድርግ,ጠቀሰ,ድርግ,ሙያ,ነውር,ረዳ,እኔ,ቴሌግራም,ኮፒ,ተደረገ,,,,,,,,,,,,,,,,
227,ሞጣ,ሙስሊም,ፈጸመ,ግፍ,ቦታ,ማን,ደገመ,ሁሉ,ሀላፊነት,ሰማ,አለነ,cnj,ተቃራኒ,adv,ላሊበላ,,,,,,,,,,,,,
228,እስክንድር,ነጋ,ከሰሰ,ላላ,ዛሬ,ድርግ,ጥሩ,ጎረቤት,ራስ,ወደደ,,,,,,,,,,,,,,,,,,
229,ብልጽግና,,,,,,,,,,,,,,,,,,,,,,,,,,,
230,ሰው,ልጅ,መልክ,ቀለም,መሰለ,ፈገግታ,ደስታ,ተሰራጨ,ሰው,መልክ,አውሬ,cnj,ምን,አወቀ,ህጻን,ገደለ,,,,,,,,,,,,
231,ገባ,ትግል,ጀመረ,አለ,,,,,,,,,,,,,,,,,,,,,,,,
232,ተቃዋሚ,ዘረኛ,እስክንድር,አራ,ማለደ,,,,,,,,,,,,,,,,,,,,,,,
233,ቀን,ገዛ,ማንኛውም,ደቂቃ,ደም,ወሰደ,ደም,አፈር,ፈሰሰ,ቤት,ተቃወመ,ንጹሀን,አማኝ,ደም,ነቃ,ሞት,መጣ,cnj,ህይወት,አለፈ,,,,,,,,
234,ሪፖርት,ሲዳማ,ቡና,ተከታተለ,ሽንፈት,ድል,መለሰ,,,,,,,,,,,,,,,,,,,,,
235,ደግ,ድርግ,ጓያ,,,,,,,,,,,,,,,,,,,,,,,,,
236,መራር,ፕሮፌሰር,በየነ,ጴጥሮስ,,,,,,,,,,,,,,,,,,,,,,,,
237,ተፈጥሮ,ሀብት,ብልጽግና,መሪ,ቃል,ዘንድሮ,ተፋሰስ,ልማት,እንቅስቃሴ,ይፋ,ተደረገ,,,,,,,,,,,,,,,,,
238,ችግር,,,,,,,,,,,,,,,,,,,,,,,,,,,
239,ይቺ,አገር,አመት,ጠጣ,ደም,በቃ,ገና,,,,,,,,,,,,,,,,,,,,,
240,አገዘ,በርበሬ,ሚጥሚጣ,ተዘጋጀ,ቁርጥ,ክትፎ,ጥብስ,ቅቅል,ወጥ,ዶሮ,ስጋ,,,,,,,,,,,,,,,,,
241,ቁምነገር,መለሰ,ድጎማ,ተደረገ,ሰራ,ቤት,ክበብ,አሁን,ወሰነ,ሰአት,ሰራ,ምግብ,ዋጋ,ደህና,አብዛኛ,ዜጋ,ኪስ,መንግስት,ድጎማ,ድርግ,ምግብ,ቤት,cnj,ፈለገ,,,,
242,ተመሰገነ,,,,,,,,,,,,,,,,,,,,,,,,,,,
243,intrj,,,,,,,,,,,,,,,,,,,,,,,,,,,
244,ጓደኛ,በግ,ምሳ,እቃ,አረገ,ትምህርት,ቤት,ያዘ,መጣ,አለ,,,,,,,,,,,,,,,,,,
245,አማርኛ,ጠጣ,አለ,ፖለቲከኛ,ጠጣ,ገጨ,,,,,,,,,,,,,,,,,,,,,,
246,እኔ,ዛሬ,ሰማ,,,,,,,,,,,,,,,,,,,,,,,,,
247,ሰሞን,ተገኘ,ጠቈመ,,,,,,,,,,,,,,,,,,,,,,,,,
248,ውሳኔ,ህዝብ,cnj,ፈራ,ምርጫ,ውጤት,ጠበቀ,ተቀበለ,,,,,,,,,,,,,,,,,,,,
249,ፊት,ታህሳስ,ተደረገ,ህዝባዊ,ስብሰባ,ቅስቀሳ,ወረዳ,,,,,,,,,,,,,,,,,,,,,
250,ቈጠረ,አሜሪካ,ትናንት,adv,ገደለ,ቃሲም,ቴህራን,ከተማ,ድርግ,ተቃውሞ,ሰማ,ተገኘ,,,,,,,,,,,,,,,,
251,ወንድም,እስክንድር,አሜሪካ,አውሮፓ,ውድ,ቆይታ,ጨረሰ,ዛሬ,እግዚአብሄር,ተመሰገነ,ቀጣይ,,,,,,,,,,,,,,,,,
252,ጉዳይ,አለፈ,ቀለለ,ቀረ,cnj,ተገኘ,እሸት,ህዝብ,ልብ,ድርግ,ነገረ,ወረደ,አበረ,መሰለ,ተስፋ,ሰጠ,,,,,,,,,,,,
253,ወለጋ,ምሁር,ማህጸን,ወለጋ,ኦሮሞ,ጥበብ,ቋት,ወለጋ,መኮ,ኦዳ,ታሪክ,ከርስ,ወለጋ,አብዲሳ,አጋ,ጀግንነት,ወለጋ,መንፈስ,እስትንፋስ,ወለጋ,ነበልባል,ወላፈን,,,,,,
254,ናደ,ማ,ትንሽ,ተሻለ,cnj,አረጋ,እድል,ከዳ,ትልቅ,ክብር,አለ,,,,,,,,,,,,,,,,,
255,ሆነ,ረገጠ,አንገት,ፈለገ,,,,,,,,,,,,,,,,,,,,,,,,
256,ብልጽግና,ምርጫ,ሰራ,አለቀ,ስም,ጠራ,ተጸየፈ,መረጠ,ቀሰቀሰ,ፈጣጣ,ወግ,,,,,,,,,,,,,,,,,
257,cnj,እምር,,,,,,,,,,,,,,,,,,,,,,,,,,
258,ዜና,አሜሪካ,ችግር,ዙሪያ,ሰላም,መለሰ,ሆነ,ይህ,ቀጠለ,ሁለት,ጎራ,ማእቀብ,ጣለ,,,,,,,,,,,,,,,
259,ወልዲያ,ዩኒቨርስቲ,ቅርስ,ጥበቃ,ቱሪዝም,ትምህርት,ዘርፍ,ከፈተ,,,,,,,,,,,,,,,,,,,,
260,አማርኛ,አንጎላ,መንግስት,ቀድሞ,ልጅ,ንብረት,ቁጥጥር,post,ዋለ,አዘዘ,,,,,,,,,,,,,,,,,,
261,ዘጸአት,ሳለህ,ጠበቀ,ዝግጅ*,ስፍራ,ፊት,ላከ,ጥንቃቄ,ተከተለ,ተናገረ,ልብ,አለ,ድምጥ,ስሜ,እሱ,ነው,አመጽ,ቀረ,አለ,,,,,,,,,
262,ጥራት,ረገጠ,ሸጠ,ምርት,ቁጥጥር,post,ዋሉ,,,,,,,,,,,,,,,,,,,,,
263,ተመነ,እግዚአብሄር,ፍቅር,,,,,,,,,,,,,,,,,,,,,,,,,
264,ገረመ,ምስኪን,ሆነ,ተነሳ,መንግስት,ይቅርታ,ጠየቀ,ቀረ,አለ,ጠፋ,ራስ,ረዳ,አረገ,ከባድ,አለ,ረዳ,ነገር,,,,,,,,,,,
265,ሀገር,ሰላም,እኛ,ህዝብ,ኑሮ,ደረጃ,ለውጥ,ቀጠለ,ፈለገ,ምርጫ,ብልጽግና,በላ,,,,,,,,,,,,,,,,
266,እኛ,መታ,ረሳ,,,,,,,,,,,,,,,,,,,,,,,,,
267,ልል,ስል,ቀደመ,ክፍያ,ካሜራ,,,,,,,,,,,,,,,,,,,,,,,
268,አጣ,ቈየ,ነው,,,,,,,,,,,,,,,,,,,,,,,,,
269,ጥቃት,ተሸበረ,ሙስሊም,ያዘ,አለ,intrj,,,,,,,,,,,,,,,,,,,,,,
270,እኔ,እሱ,,,,,,,,,,,,,,,,,,,,,,,,,,
271,ሞጣ,ጐዳ,መለሰ,ተቋቋመ,ገባ,ሰበሰበ,ረዳ,ሌላ,ሰው,ስልክ,ደወለ,መልእክት,ተላለፈ,በጎ,ስራ,ተሳታፊ,አበረ,ገባ,ሰበሰበ,ዘመቻ,ተሳካ,አስተዋጽኦ,ድርግ,ድርሻ,ውጥእ,,,
272,ጭራሽ,አንቀጽ,num,num,ጠበቀ,,,,,,,,,,,,,,,,,,,,,,,
273,ቄስ,ወጣት,ቅዳሴ,ወደደ,የትኛው,አለ,intrj,አለ,ተባለ,ቃሉ,ጨረሰ,ብስር,ደረሰ,,,,,,,,,,,,,,,
274,መድሀኒት,አረገ,ወሰደ,አለለ,ደግ,አለ,intrj,,,,,,,,,,,,,,,,,,,,,
275,ሞተ,,,,,,,,,,,,,,,,,,,,,,,,,,,
276,ውድ,መሪ,ዶክተር,በላ,አንተ,ብዙ,ጠበቀ,ኢትዮጵያዊ,ብዙ,አንተ,መልካ,ሰረረ,ገባ,አቅም,በርታ,ጐን,ነው,,,,,,,,,,,
277,ዋነኛ,ዴሞክራሲያ,እሴት,ተባለ,ህግ,ጥቅም,ቀደመ,ተቻቻለ,,,,,,,,,,,,,,,,,,,,
278,መንግስት,ዲሞክራሲ,ቀደደ,ሰማ,ድርግ,ደንብ,ተከተለ,አላማ,ገለጠ,ሀሳብ,ነጻነት,ከለከለ,መንግስት,ብልጽግና,ውርእ,መሀል,,,,,,,,,,,,
279,ብሄር,ጋረ,ወሰደ,ፈረስ,አለ,እናንተ,ብሄር,ገራ,ተናገረ,ኖረ,ምን,አለ,,,,,,,,,,,,,,,,
280,ህጋዊ,ገጽ,መንግስት,,,,,,,,,,,,,,,,,,,,,,,,,
281,ታህሳስ,ባህል,ቱሪዝም,ሚኒስቴር,ሀገር,ጐበኘ,ስፍራ,ዋጋ,ተመን,ወጥ,ድርግ,ሰራ,አለ,,,,,,,,,,,,,,,
282,መራ,ሀይማኖት,አነሰ,ሳበ,አለ,ችግር,ሀይማኖት,ትልቅ,ድርሻ,ወሰደ,ባዶ,,,,,,,,,,,,,,,,,
283,ጠቀመ,እውነት,ተቀበለ,እውነት,ተናገረ,እጥፋት,ይቅርታ,ጠየቀ,መሰለ,ዳንኤል,በቀለ,,,,,,,,,,,,,,,,,
284,ጥር,ወረዳ,ህገወጥ,መንገድ,ለማ,ቈየ,ሰፊ,ወርቅ,ማእድን,,,,,,,,,,,,,,,,,,,
285,አመራር,ቡድን,ገነነ,ተስፋ,ነበረ,ሂደት,cnj,ከፍተኛ,ችሎታ,አነሰ,አየነው,አላማ,ነው,,,,,,,,,,,,,,,
286,አበለ,ድንቅ,ጭንጋፍ,አለ,አለ,,,,,,,,,,,,,,,,,,,,,,,
287,ዶሮ,መውደድ,ተነሳ,አንዳንድ,አዘዘ,cnj,ብዙ,ጊዜ,ጣፈጠ,አንዳንድ,ግጥም,cnj,,,,,,,,,,,,,,,,
288,intrj,ልክ,ጀግና,መሪ,አሳብ,ልእልና,ተገኘ,አንተ,አጠገብ,ተገኘ,ርቀት,ስፍራ,ተገኘ,ረዳ,ሰው,ከበሬታ,ተገኘ,,,,,,,,,,,
289,ደገመ,አለ,ልጅ,መታ,ኢትዮጵያ,ፖለቲካ,ሆነ,መታ,ገጠር,መጣ,መታ,ሰፈረ,ተባ,,,,,,,,,,,,,,,
290,ኢትዮጵያ,ከፍተኛ,ትምህርት,ተቋም,አመሰ,ብሄር,ግጭት,ዘጋ,ነበረ,ወለጋ,ዩኒቨርሲቲ,አገልግሎት,ሰጠ,ጀመረ,ወሰነ,ዩኒቨርሲቲ,ግቢ,ለቀቀ,ወጥ,,,,,,,,,
291,አርሲ,ዩኒቨርስቲ,አሶሳ,ዩኒቨርስቲ,አክሱም,ዩኒቨርስቲ,ዲላ,ዩኒቨርስቲ,ድሬዳዋ,ዩኒቨርስቲ,ብርሀን,ዩኒቨርስቲ,ማርቆስ,ዩኒቨርስቲ,ኮተቤ,ዩኒቨርስቲ,ዩኒቨርስቲ,ወላይታ,ሶዶ,ዩኒቨርስቲ,,,,,,,,
292,ልብ,በላ,,,,,,,,,,,,,,,,,,,,,,,,,,
293,እርስ,እሱ,ቈሰለ,ገደለ,ፖለቲካ,ኢኮኖሚ,ሀይል,ተደለደለ,እንቅርት,ጆሮ,ደግፍ,አለ,ሀገር,በቀል,ድንቅ,ነገረ,ገደለ,በላ,,,,,,,,,,
294,ብልህ,መሪ,አቢይ,አህመድ,intrj,በራ,ታሪክ,መራ,ተመቸ,ህዝብ,ነው,cnj,ለየ,ሰፋ,ጥበበኛ,ነው,አንተ,እግዚአብሄር,ሰጠ,በለጠ,ጠነከረ,,,,,,,
295,ጥሩ,ሆነ,ቂል,ብልጥ,ሆነ,ክፉ,ድርግ,ዞረ,ሞተ,ዞረ,ዞረ,ዞረ,ዞረ,ሀገር,ቀለመ,,,,,,,,,,,,,
296,ወለጋ,ጠፈፈ,አለ,አለ,ዘመቻ,ፈራ,ጦር,part,ተሰኘ,ደበበ,አላማ,ኦሮሞ,አንድነት,በተነ,ጎሳ,ክፍለ,ሀገር,ከፈለ,ህዝብ,,,,,,,,,
297,ደሱ,ድምጽ,ወያኔ,አል,እውነት,ማብራሪያ,ሄደ,,,,,,,,,,,,,,,,,,,,,
298,part,መለስ,አነሰ,ሸኘ,ልምድ,ችሎታ,ጠየቀ,ተገቢ,ምርጫ,,,,,,,,,,,,,,,,,,,
299,ህግ,ጠየቀ,አለ,ህግ,ሀላፊነት,ጌታ,,,,,,,,,,,,,,,,,,,,,,
300,ጠልሰም,ደሰሰ,ጠዳ,ሳር,,,,,,,,,,,,,,,,,,,,,,,,
301,መሰለ,ላላ,ያለው,ሰማ,ሰጠ,ታታ,ያለው,አይነት,ብዙ,ሰው,ንግር,መብት,ከለከለ,ስራ,መሰለ,,,,,,,,,,,,,
302,ናፈቀ,ኤርትራ,አየ,አገር,ሰላም,ግኝ*,ወንድም,ጦርነት,ወደመ,,,,,,,,,,,,,,,,,,,
303,ጥንት,ላቲን,ጻፈ,እኔ,ያህ,ባእድ,ቋንቋ,ባእድ,ሀገር,ጻፈ,ቀረ,ራስ,ቋንቋ,ጻፈ,ድግት,ልክ,,,,,,,,,,,,
304,ዘር,አልበም,ፊት,,,,,,,,,,,,,,,,,,,,,,,,,
305,ከለከለ,ተጠቃ,ከለከለ,እርስ,እርስ,ንግር,ምን,አይነት,ሀሳብ,አለ,ዛሬ,ጅማ,አባ,ቡና,ተሸነፈ,ጨዋታ,አይነት,እግር,ኳስ,ተጫወተ,ዘይቤ,,,,,,,
306,ፈታ,ሀሳብ,ውጥእ,ጣት,ስልክ,አዛዥ,ሆነ,ምርጫ,ክብር,,,,,,,,,,,,,,,,,,,
307,ኢትዮጵያ,ሀገር,ችግር,መፍትሄ,ህያው,አምላክ,,,,,,,,,,,,,,,,,,,,,,
308,ቀለጠ,ወርቅ,ጌጣጌጥ,ሆነ,አንተ,ብዙ,ችግር,አለፈ,አደገ,ረሳ,ሆነ,ተሸነፈ,ጠንካራ,ተሸነፈ,ረጋ,,,,,,,,,,,,,
309,ግል,ጉዳይ,አደባባይ,ውጥእ,አድራሻ,ውስጥ,መስመር,ላከ,ገፋ,,,,,,,,,,,,,,,,,,,
310,በርካታ,መታ,ድንቅ,አገልግሎት,በረከተ,አርቲስት,እውቅ,ሰጠ,አህመድ,ገጠመ,አለምጸሀይ,ወዳጆ,ሙዚቀኛ,ሰላም,ስዩም,ሙዚቃ,ፊልም,አተመ,ዝግጅት,ምስጋና,ደረሰ,,,,,,,
311,እውነት,intrj,ሰላም,ኖረ,ሰራ,ፋኖ,ስብስብ,አላማ,ተራመደ,አገር,መራ,ሰጠ,አፈረ,,,,,,,,,,,,,,,
312,አገር,ሰላም,አለ,ምርጫ,ረጋ,አገር,ዳነ,ምርጫ,ባሰ,ምርጫ,ክረምት,ፈለገ,ምርጫ,,,,,,,,,,,,,,,
313,ጉድ,ብይ,,,,,,,,,,,,,,,,,,,,,,,,,,
314,አማራ,ተባለ,ደሳለኝ,ጫኔ,አማራ,ነጻ,ሆነ,ጊዜ,ዘመን,post,ቆመ,መለስ,ራእይ,ቀጠለ,ዘመን,ትውልድ,ሞት,ተሻለ,አየ,,,,,,,,,
315,እውነት,cnj,ጨበጨበ,,,,,,,,,,,,,,,,,,,,,,,,,
316,ጆሮ,አእምሮ,ጮኸ,ድምጽ,ትክክል,መሰለ,እውነት,ለካ,ሆነ,ጩኸት,እውነት,እውነት,ጩኸት,ሆነ,,,,,,,,,,,,,,
317,ውሸት,ውህድ,ምን,አይነት,ጀመረ,አቶ,ናትናኤል,ፈለቀ,ፓርቲ,ግንኙነት,ሀላፊ,ስልክ,ነገረ,,,,,,,,,,,,,,,
318,አማራ,በቃ,,,,,,,,,,,,,,,,,,,,,,,,,,
319,አንድ,ምች*,ቁም,ደወለ,አለ,መጥፎ,ገና,አይነት,ስጦታ,ሰጠ,አለ,ጌታ,ልደት,አንቺ,,,,,,,,,,,,,,
320,ማር,ጠበቀ,ተባለ,አሁን,አይነት,ጥሩ,ንግግር,ጠበቀ,ተማረ,ከብት,ሳበ,ፈጣሪ,ጠበቀ,አለ,intrj,አለ,,,,,,,,,,,,
321,ሎሚ,ወረወረ,ኖረ,ወደደ,አለ,እናንተ,ተራ,,,,,,,,,,,,,,,,,,,,,
322,አምላክ,ፈጠረ,እንሰሳ,ዱር,ጫካ,ጠለለ,በላ,እሳት,ኖረ,ነዶ,ከሰለ,አካል,ነዘረ,አካል,ነደለ,ሀዘን,ጐሰቈለ,ሳለ,ምድር,ሰማይ,ረጋ,ፈጠረ,ደርሰህ,ዳነ,,,,
323,ነፍስ,አመመ,ሰላም,አወቀ,ብቸኛ,ንስሀ,ጥፋት,ክፉ,አይነት,ማንኛውም,,,,,,,,,,,,,,,,,,
324,አማርኛ,ውጭ,መንግስት,ሀይል,ውስጥ,ጉዳይ,እጅ,ዋጠ,ወቀሰ,,,,,,,,,,,,,,,,,,,
325,ቦርድ,ፓርቲ,ምዝገባ,ተመለከተ,መራ,ጸደቀ,,,,,,,,,,,,,,,,,,,,,,
326,ረዘመ,ተነሳ,መኪና,ገጨ,,,,,,,,,,,,,,,,,,,,,,,,
327,አሁን,ፈተነ,አለ,አጼ,ሀይለስላሴ,ጻፈ,ሰውዬ,ጨረሰ,አለ,ነው,ረዳ,ጊዜ,አገር,አደረ,ሆነ,ብዙ,መልካ,ኖረ,መልካ,ውለታ,ዜጋ,ተመሰገነ,ቀሀ,,,,,
328,ውድ,ደንበኛ,አነሳ,ጉዳይ,ረገጠ,ምላሽ,ይህ,ግጥም,መልካም,ምኞት,ተመሰገነ,,,,,,,,,,,,,,,,,
329,ጽንፈኛ,ኢትዮጵያ,አየር,በከለ,ተቈጣጠረ,አብዛኛ,ጽዮን,ጨመረ,አስተሳሰብ,ቅኝት,post,ወደቀ,አዘነ,,,,,,,,,,,,,,,
330,ክልል,ሰላማዊ,ሰልፍ,አበረ,አይን,ቀለም,ማረ,ሙስሊም,አሰረ,ቻለ,መስጊድ,ሱቅ,ተቃጠለ,ክርስትና,መዝሙር,ዘመረ,ፈረሰ,ጠራ,,,,,,,,,,
331,ተወዳደረ,ቀጠረ,ፈለገ,አመመ,አመመ,መረቀ,አል,ነገ,ሮብ,ሰአት,,,,,,,,,,,,,,,,,,
332,ዘመን,ቀደመ,ነበረ,እርስ,ህጻን,ሆነ,ዳነ,ለአለም,ተደረገ,አለ,ደረሰ,,,,,,,,,,,,,,,,,
333,ይቅርታ,ተስተካከለ,ጉዳይ,ምክንያት,ሲስተም,ሰራ,ቅርብ,ሰራ,ነገረ,ድረስ,በአካል,ቅርብ,ተገኘ,ባንክ,ቅርንጫፍ,በአካል,ሄደ,ገባ,ተቻለ,,,,,,,,,
334,ህዝቅኤል,ገረረ,ጥናታዊ,ጫት,ነው,ፈለገ,ጋበዘ,ቀረበ,እንዳለ,ጫት,ቃመ,ሰማ,ፈለገ,ነገረ,,,,,,,,,,,,,,
335,ግራ,ገባ,ቴሌቪዥን,ጣቢያ,ከፈተ,አየ,ሰው,ጉዳይ,,,,,,,,,,,,,,,,,,,,
336,ሲሳይ,አለ,ደገመ,አወቀ,,,,,,,,,,,,,,,,,,,,,,,,
337,ሀሳብ,ግብር,አለ,,,,,,,,,,,,,,,,,,,,,,,,,
338,ፕሬዚዳንት,ወረረ,ዘውድ,ውጭ,ጉዳይ,ክቡር,አቶ,ገድ,አንዳርጋቸው,ደገመ,ፕሬዚዳንት,ስልጣን,ድርግ,ምኞት,,,,,,,,,,,,,,
339,ያለው,መንግስት,ነው,አለ,ጸር,ነው,ጠቀለለ,አርአያ,አጼ,አጼ,ሀይለስላሴ,ደገመ,መንግስቱ,ገቢሳ,,,,,,,,,,,,,,
340,እንደርታ,አዳማ,ከተማ,ቀጥታ,ውጤት,ገለጸ,,,,,,,,,,,,,,,,,,,,,,
341,ፈሪ,አደገ,አንበሳ,ዝሆን,አለበ,,,,,,,,,,,,,,,,,,,,,,,
342,ጠቀለለ,ሚኒስትር,ታክስ,ህብረተሰብ,ጤና,ጠበቀ,ሲጋራ,አለ,ጤና,ድርጅት,ብር,ፓኮ,አነሰ,ግብ,ባለ,,,,,,,,,,,,,
343,መስመር,አመነ,በግ,ወጥ,አለ,ታማኝነት,ረገጠ,አለ,,,,,,,,,,,,,,,,,,,,
344,አቡበከር,አህመድ,እኛ,ታሪክ,ፕሮግራም,ወሰነ,መልእክት,,,,,,,,,,,,,,,,,,,,,
345,ሰለጠነ,ተግባር,ሰጠ,ስልጡን,ምላሽ,ሞጣ,ወደመ,ኮምቦልቻ,ተደረገ,ታላቅ,ህዝባዊ,ተቃውሞ,,,,,,,,,,,,,,,,
346,በር,ዘጋ,ተነጋገረ,,,,,,,,,,,,,,,,,,,,,,,,,
347,ማርያም,መልአክ,ወንድ,አወቀ,መለሰ,አለ,መንፈስ,ቅድ,አንቺ,መጣ,ልኡል,ሀይል,ወለደ,ቅዱስ,ህጻን,እግዚአብሄር,ልጅ,,,,,,,,,,,
348,አመመ,ገና,አል,አሻ,ተዘጋጀ,ልዩ,በአል,ዝግጅት,ገና,እለት,ጠበቀ,,,,,,,,,,,,,,,,,
349,ምድብ,አዲ,አበባ,ከተማ,ጨዋታ,ነጥብ,ግኝ*,መድን,ምድብ,ጨዋታ,ነጥብ,ግኝ*,adv,አሰልጣኝ,መኮንን,አዲ,አበባ,ከተማ,ብሄራዊ,ሊግ,ፈራ,,,,,,,
350,ቶሎሳ,እለት,በዛ,ልብ,ሰረቀ,ፈገግታ,ታጀበ,ተመኘ,,,,,,,,,,,,,,,,,,,,
351,ቈላ,cnj,አረገ,,,,,,,,,,,,,,,,,,,,,,,,,
352,ትክክል,በራ,መብት,ከበረ,ውነተኛ,ለመለመ,ነገረ,አንተ,አቋም,ግልጽ,ድርግ,,,,,,,,,,,,,,,,,
353,ፍቅር,ሆነ,,,,,,,,,,,,,,,,,,,,,,,,,,
354,ጾታ,ጠራ,,,,,,,,,,,,,,,,,,,,,,,,,,
355,ዜና,ሆነ,ክስተት,ግጥም,ዜና,ሰራ,ወሰነ,ገለልተኛ,ሚዲያ,ተቋም,ደህና,,,,,,,,,,,,,,,,,
356,አስፈሪ,ዘመን,ተሻገረ,ረሳ,ሰማ,ተስማማ,ፍርሀት,ነጻ,ነው,ቀጠለ,,,,,,,,,,,,,,,,,,
357,intrj,ወሰነ,ሰው,ጐዳ,ገባ,ቀን,ፈለገ,ሾለ,ቀዘቀዘ,,,,,,,,,,,,,,,,,,,
358,ይቺ,ደን,ሰራ,ረጋ,አመመ,ከፈለ,አየ,ደንብ,,,,,,,,,,,,,,,,,,,,
359,ታላቅ,አለ,አንተ,ፍጥረት,እግዚአብሄር,ታላቅ,አምላክ,ክብር,አየ,,,,,,,,,,,,,,,,,,,
360,ኢትዮጵያ,ቸገረ,መንግስት,,,,,,,,,,,,,,,,,,,,,,,,,
361,part,አለ,ክልል,ሙስሊም,ተስፋ,ነፈገ,cnj,መስጊድ,ቀጠለ,,,,,,,,,,,,,,,,,,,
362,ተወዳደረ,ተወዳደረ,ምድብ,,,,,,,,,,,,,,,,,,,,,,,,,
363,ስለሺ,በቀለ,ቀለም,ቀንድ,አገር,አባይ,ግድብ,ድርድር,ቀይ,መስመር,ስምር,ምርጥ,ዲፕሎማት,አገር,ወዳድ,,,,,,,,,,,,,
364,ሰላም,ሀገር,ፊት,ሀገር,ሰላም,ረጋ,የት,ሄደ,cnj,ምርጫ,ሄደ,ማጥ,እልቂት,ነው,አሰበ,ቀደመ,,,,,,,,,,,,
365,እውነት,ያዘ,,,,,,,,,,,,,,,,,,,,,,,,,,
366,እውነት,እውነት,አመመ,በቃ,,,,,,,,,,,,,,,,,,,,,,,,
367,ምእራብ,ኦሮሚያ,አየር,ምድር,መጠነ,ሰፊ,ውጊያ,ጀመረ,ከበበ,ወገን,ጨፈጨፈ,አየ,,,,,,,,,,,,,,,,
368,አል,መጣ,ልክ,መስቀል,ወፍ,,,,,,,,,,,,,,,,,,,,,,,
369,ተሰቃየ,አቦ,cnj,ያ,እኔ,ተዛመደ,,,,,,,,,,,,,,,,,,,,,,
370,ሸተተ,intrj,ባልቦላ,,,,,,,,,,,,,,,,,,,,,,,,,
371,ቤት,እመቤት,ቅጥል,,,,,,,,,,,,,,,,,,,,,,,,,
372,ጋሞ,ዞን,ክልል,ሆነ,ጥያቄ,ደቡብ,ክልል,ምክር,ቤት,ቀረበ,ጊዜ,ገደብ,አመት,ተገኘ,ጋሞ,ዞን,ምክር,ቤት,ፌዴሬሽን,ምክር,ቤት,ቅሬታ,ቀረበ,,,,,
373,መሀከል,ህጋዊ,ንግድ,ልውውጥ,ተደረገ,ላከ,ድርግ,ሾመ,እኔ,ቧልት,,,,,,,,,,,,,,,,,,
374,አሻራ,ሰው,ሰውነት,ትርጉም,ህይወት,የት,ሀብት,ማእረግ,ፍትህ,ሰደደ,በደል,ተጸየፈ,ግፍ,በቃ,የት,አሻራ,ትውልድ,ተወሳ,,,,,,,,,,
375,አይነት,ፍቅር,መላ,መላ,ዱለት,,,,,,,,,,,,,,,,,,,,,,,
376,ወያኔ,ለም,ሰላም,መቀሌ,ወሸቀ,መንጌ,ጃንሆይ,ባለስልጣን,intrj,ረሸነ,አየ,ረሸነ,እልክ,ላፈ,,,,,,,,,,,,,,
377,ጎል,ግብእ,ተኰፈሰ,,,,,,,,,,,,,,,,,,,,,,,,,
378,ያዘ,ሰው,cnj,ኤሌክትሪክ,ያዘ,,,,,,,,,,,,,,,,,,,,,,,
379,እንዳለ,ጎረቤት,ጩኸት,ሰም,ጊዜ,ጫካ,ደረስ,ቆመ,አንገት,ዘረጋ,ነበረ,ቦታ,ተመለከተ,ያ,ዛፍ,ዙሪያ,ክበብ,ፈጠረ,ልጅ,እነሱ,አየ,ጥያቄ,,,,,,
380,አለ,,,,,,,,,,,,,,,,,,,,,,,,,,,
381,አል,ተባለ,ደቡብ,ኦሞ,ዞን,ጂንካ,ዙሪያ,ማህበረሰብ,ባህል,እስራት,ቀንበር,ለቀቀ,ወጣት,ሄደ,ለየ,ምን,ረዳ,ቻለ,ውስጥ,እምቅ,ሀሳብ,ሀገር,በቃ,ደገፈ,በረታ,ትልቅ,ህዝብ,ዳነ
382,ከፍተኛ,ሊግ,ሳምንት,ምድብ,ቀጥታ,ውጤት,ገለጸ,,,,,,,,,,,,,,,,,,,,,
383,ጠቀለለ,ሚኒስትር,አቢይ,አህመድ,ቦረና,ዞን,ያቤሎ,ከተማ,ገባ,ጠቀለለ,ሚኒስትር,ያቤሎ,ደረሰ,አካባቢ,ሀገር,ሽማግሌ,ነዋሪ,ደማቅ,ተቀበለ,ድርግ,ቆይታ,ህብረተሰብ,ውይይት,ድርግ,,,,
384,አሁን,ብልጽግና,ፓርቲ,ክልል,ፕሬዚዳንት,መንግስት,መረጠ,ክልል,ላከ,አለ,cnj,ቀጠለ,ገባ,እድል,ሰፊ,,,,,,,,,,,,,
385,ልጅ,ሳለህ,ሰንበት,ቤት,ቈረጠ,ሄሮድስ,ተረከ,ዛሬ,ቀጠለ,ራስ,ኢየሱስ,ቦታ,ድርግ,,,,,,,,,,,,,,,
386,ድሮ,ሸመደደ,ቀላል,ተንበለበለ,ልብ,ወለድ,ድርሰት,ውሀ,በላቸው,አንጋፋ,ጭምር,ረሳ,ደገመ,ዘበናይ,አዲስ,ድርሰት,ጠና,,,,,,,,,,,
387,ሆነ,ምክንያት,ከረከረ,ክፉ,ሰራ,ጨቈነ,አል,ተከራከረ,cnj,ጨቈነ,ብይ,በጎ,ሰራ,ብይ,ነው,ተገኛኘ,,,,,,,,,,,,
388,ቈጠረ,አሜሪካ,ትናንት,adv,ገደለ,ቃሲም,ቴህራን,ከተማ,ድርግ,ተቃውሞ,ሰማ,ተገኘ,,,,,,,,,,,,,,,,
389,መረመረ,,,,,,,,,,,,,,,,,,,,,,,,,,,
390,ፈላ,ሰጠ,,,,,,,,,,,,,,,,,,,,,,,,,,
391,ጥሩ,ጠነከረ,መልክ,ህገወጥ,ተከላከለ,ሁሉ,ህብረተሰብ,ሀላፊነት,,,,,,,,,,,,,,,,,,,,
392,ርጅ*,ሀሳብ,ድርቀት,አረጠ,መረጠ,ሰላማዊ,ድርግ,መንግስታዊ,ስልጣን,ዛሬ,ተዋከበ,ፈለገ,አበረ,ምርጫ,ሰላማዊ,መንገድ,ተካ,,,,,,,,,,,
393,ምርምር,ግንቦት,አመመ,ማክተሚያ,ጠቀለለ,ሚኒስቴር,አቢይ,አህመድ,,,,,,,,,,,,,,,,,,,,
394,ብልጽግና,ፓርቲ,ተጣመረ,ሰማይ,ወፍ,ነገረ,,,,,,,,,,,,,,,,,,,,,,
395,እናት,ጽናት,ሰጠ,ሀዋሳ,ዩኒቨርሲቲ,ስለት,ወጋ,ገደለ,ተማረ,ሱራፌል,ሰለሞን,አስከሬን,ዛሬ,ወልዲያ,ገባ,ቅዱስ,አምላክ,ነፍስ,አጸደ,ገነት,አረፈ,እናት,እንባ,አየ,እቃ,አለ,,
396,በአል,አምባሳደር,አገር,መሰረተ,ፌዴራል,ስርአት,አር,ብሄር,ቋንቋ,ሀይማኖት,ጸጋ,ወሰደ,ጠንካራ,አገራዊ,አንድነት,ገነባ,አላማ,ገለጸ,,,,,,,,,,
397,ዞን,ዘመን,ለወጠ,ሴራ,አል,ደማቅ,ተከበረ,ዞን,ወረዳ,ዘመን,ለወጠ,ሴራ,አል,ዛሬ,እለት,ማለዳ,ደማቅ,ተከበረ,,,,,,,,,,
398,ከፍተኛ,ትምህርት,ተቋም,ማረ,እርምጃ,ወሰደ,,,,,,,,,,,,,,,,,,,,,,
399,ሽብር,ተግባር,ክልል,ሄደ,ጥፋት,ፈጸመ,ይፋ,አወገዘ,ተግባር,ጠቀሰ,ሽብርተኛ,ከለላ,በደለ,,,,,,,,,,,,,,,
400,አቶ,ንጉስ,ጥላሁን,መራ,አለ,እውነት,አረገ,አወቀ,አላባ,ጉዳይ,እንዳለ,ሰማ,ዛሬ,part,አል,ምን,አይነት,ስምምነት,ለቀቀ,ተቻለ,,,,,,,,
401,ኡመር,ወቅታዊ,ጉዳይ,ዙሪያ,ተበላሸ,ጭንቅላት,ባለቤት,ትራምፕ,መካከለኛ,ምስራቅ,ሰላም,ለየ,ውጥረት,ገባ,ድርግ,,,,,,,,,,,,,
402,አንባቢ,እህት,,,,,,,,,,,,,,,,,,,,,,,,,,
403,አሜሪካ,ኢትዮጵያ,ብሄራዊ,ጥቅም,ተገነዘበ,ፍላጎት,ኖረ,አወቀ,ገንዘብ,ይህ,ተንበረከከ,አዘነ,,,,,,,,,,,,,,,,
404,እኛ,ሀገር,ጉዳይ,ይህ,አቅጣጫ,ሄደ,ጦርነት,በተነ,የትኛው,ባህል,ማንነት,ጥያቄ,ቃመ,,,,,,,,,,,,,,,
405,አንተ,ልብ,ሰበረ,አዘነ,,,,,,,,,,,,,,,,,,,,,,,,
406,ስሜት,ልብ,መላ,ቤተሰብ,ልብ,ሀዘን,ሰበረ,አይነት,አስነዋሪ,ማህበራዊ,ክስተት,በቃ,ፖለቲከኛ,እስዎ,ጭምር,ውስጥ,ፈተሸ,ራስ,ውነተኛ,ሆነ,ጠየቀ,,,,,,,
407,ፈታ,አለ,ቃል,ተቀበለ,ፈቀደ,ፈቀደ,,,,,,,,,,,,,,,,,,,,,,
408,ሰው,ቀና,እነሱ,ምሳሌ,,,,,,,,,,,,,,,,,,,,,,,,
409,ስድስተኛ,ሳምንት,ሙሉ,ውጤት,,,,,,,,,,,,,,,,,,,,,,,,
410,ሚስተር,አማካሪ,መረጠ,ቻለ,ጠቀለለ,ሚስተር,መረጠ,cnj,ዘይት,ሁሴን,አሜሪካ,ኢትዮጵያ,ዝግጅት,,,,,,,,,,,,,,,
411,ስርአት,ፈለገ,ብልጽግና,ራቀ,አለበ,ጨመረ,ግልጽ,መርህ,አለ,ውነተኛ,ምሳሌ,አይነት,ፖለቲካ,ግንባር,ትብብር,ፈጠረ,,,,,,,,,,,,
412,በላ,ወንድ,አካል,,,,,,,,,,,,,,,,,,,,,,,,,
413,ሰው,ጠበቀ,ፈለገ,ነዝናዛ,ተደረገ,ቈጠረ,እግዚአብሄር,cnj,እሱ,ቸገረ,ነዘነዘ,ቅድ,አፈወርቅ,,,,,,,,,,,,,,,
414,ደርግ,ወታደር,አባት,አስተማረ,ተአምር,,,,,,,,,,,,,,,,,,,,,,,
415,ቁሳቁስ,ተጨነቀ,ትዳር,ዝግጁ,ሆነ,ተግባባ,ገባ,ግራ,ገባ,ተጨነቀ,ዛሬ,ወንድ,አስተዳዳሪ,ሴት,ደደረ,,,,,,,,,,,,,
416,ፕሬዚዳንት,ትራምፕ,ኢትዮጵያ,አዳኑ,መሰገ,ነካ,እጅ,አወቀ,ታጠቀ,በላ,አካል,በላ,ማንነት,አወቀ,መልካ,,,,,,,,,,,,,
417,አዲ,አበባ,ከተማ,አስተዳደር,አዲ,አበባ,ምክር,ቤት,አባል,ምን,ገባ,ምክር,ቤት,,,,,,,,,,,,,,,
418,በአል,ተመለከተ,,,,,,,,,,,,,,,,,,,,,,,,,,
419,አየ,ምህዳር,እርስ,እርስ,በላ,ሀገር,በቀል,ድንበር,ተሻገረ,በዝባዥ,በለጠ,ገለጸ,ሆነ,አየ,እሱ,ጋራ,ተቻለ,,,,,,,,,,,
420,ዝማም,ማረ,,,,,,,,,,,,,,,,,,,,,,,,,,
421,አማራ,ስቃይ,ደምቢ,ዶሎ,ዩኒቨርሲቲ,አሁን,ለቀቀ,አማራ,ማረ,ዝርዝር,,,,,,,,,,,,,,,,,,
422,ሲዳማ,ቡና,ባህር,ዳር,ከተማ,ቀጥታ,ውጤት,ገለጸ,,,,,,,,,,,,,,,,,,,,
423,ስፔን,ኢራቅ,አለ,ጦር,ሰራዊት,ውጥእ,,,,,,,,,,,,,,,,,,,,,,
424,ያ,አቶ,ተመስገን,ክርስትና,እምነት,ተከታይ,ገና,ደረሰ,አለ,መልካ,ምኞት,ገለጸ,ሙስሊም,ወሰደ,እርምጃ,ተዘጋጀ,አይነት,ዛቻ,ሰነዘረ,እገዛ,ክልል,ጨመረ,ቀውስ,ተደረገ,,,,
425,ህብረተሰብ,ስነ,አወቀ,ስነ,ቃል,ጥናት,ደረጃ,አለ,አወቀ,ህብረተሰብ,ትንተና,,,,,,,,,,,,,,,,,
426,አፋር,ልጅ,ልጅ,ወሎ,ሙስሊም,ጠፋ,ተነሳ,አሸባሪ,ታገለ,ወሎ,ሙስሊም,ከፍተኛ,መስዋእትነት,ከፈለ,ወሎ,ነው,ማን,አለ,,,,,,,,,,
427,መክብብ,ራቁት,ቪዲዮ,አየ,አበራ,ሞላ,,,,,,,,,,,,,,,,,,,,,,
428,እናት,ሰው,እንስሳ,አውሬ,አለም,ሰራዊት,እናት,ኖረ,መድሀኒት,እናት,ተወዳጅ,ስራ,ሻለቃ,ወጋየሁ,ደግነት,ስራ,,,,,,,,,,,,
429,እጣ,በለስ,ስኳር,ፋብሪካ,ሸንኮራ,አገዳ,ልማት,ጃዊ,ወረዳ,አባወራ,ነሳ,ተደረገ,መታ,ቈጠረ,አቀደ,ፋብሪካ,ግንባታ,ተገኘ,,,,,,,,,,
430,ነገረ,ቀና,ቃል,ጦርነት,,,,,,,,,,,,,,,,,,,,,,,,
431,አባት,ሰረቀ,ንብረት,ያዘ,ጥንቅቅ,አደጋ,,,,,,,,,,,,,,,,,,,,,,
432,ዘጌ,ባህላዊ,ለበሰ,ቀሚስ,ጥለት,ሰራ,ጌጣጌጥ,ግይጥ,ሆነ,ውድ,ዋጋ,ወጣ,ልብስ,,,,,,,,,,,,,,,
433,ክብደት,ሰማ,አማራ,ህመም,አየ,ጋዜጠኛ,ስድብ,ዘለፋ,ተቀባይነት,አለ,ፍትህ,ግንዛቤ,ሌላ,አለቃ,በላይነህ,,,,,,,,,,,,,
434,ድሮ,ዘመን,አለ,እኔ,ዘመን,አለ,,,,,,,,,,,,,,,,,,,,,,
435,ሞተ,ፊት,ሰፈር,መልካ,ወጣት,ድርግ,ጥረት,,,,,,,,,,,,,,,,,,,,,
436,adv,ቀልድ,ቀረበ,ሳቀ,አወቀ,,,,,,,,,,,,,,,,,,,,,,,
437,ከተማ,መሰለ,ዋጠ,አወቀ,ሞኝ,ሀና,ተክል,ሰማይ,እውነት,እውነት,,,,,,,,,,,,,,,,,,
438,ጥሩ,አለፈ,,,,,,,,,,,,,,,,,,,,,,,,,,
439,አቅም,አለ,አቋም,ሀሳብ,አጣ,ልብ,ስሜት,ጐደለ,ህይወት,ንብ,ጣለ,ሄደ,ባዶ,ቀፎ,አለ,,,,,,,,,,,,,
440,ነጻ,ነበረ,ፓርቲ,አለለ,ተናገረ,ሰማ,ተደሰተ,ለም,,,,,,,,,,,,,,,,,,,,
441,በጀት,ምደባ,አለ,አመጠ,,,,,,,,,,,,,,,,,,,,,,,,
442,ጥገና,ተከናወነ,አስቻለ,ዝግጅት,ስራ,አብዛኛ,ተጠነቀቀ,ሀውልት,ጥገና,ጥር,ጨረሰ,ጀመረ,ዝግጅት,ተደረገ,ጥር,አጋመሰ,ጥገና,ፈለገ,እቃ,ውጭ,,,,,,,,
443,ቃል,ዜማ,አስቂኝ,አሽሙር,ወግ,እጸገነት,,,,,,,,,,,,,,,,,,,,,,
444,እምነት,አሰበ,መርዝ,ሴራ,ፈጣሪ,adv,ምክር,ለገሰ,ክፋት,ተንኮል,ሰገደ,ጥሩ,ጀመረ,ክፋት,,,,,,,,,,,,,,
445,ልጅ,አማርኛ,ተወራ,ተወ,,,,,,,,,,,,,,,,,,,,,,,,
446,እናት,ሀገር,ደረደረ,,,,,,,,,,,,,,,,,,,,,,,,,
447,ለቀቀ,መራ,ለቀቀ,አለ,ስቃይ,ቤተሰብ,ጨበጠ,ተስፋ,ሰጠ,ባሰ,አዘነ,ውሸት,ጭካኔ,ሞላ,አሳፋሪ,ድርጊት,,,,,,,,,,,,
448,ኢትዮጵያዊ,ሱዳን,ሀገር,መለሰ,,,,,,,,,,,,,,,,,,,,,,,,
449,ዘገባ,ህጻን,ቢላዋ,ቈረጠ,ገደለ,,,,,,,,,,,,,,,,,,,,,,,
450,ፍቅር,ሆነ,ታሪክ,የት,አለ,እኔ,ሚዛን,ማእዘን,ሌላ,አል,,,,,,,,,,,,,,,,,,
451,ሰጠ,ቀን,ህጻን,ገና,,,,,,,,,,,,,,,,,,,,,,,,
452,መንገድ,አዘዘ,,,,,,,,,,,,,,,,,,,,,,,,,,
453,ህጻን,ልጅ,ተሽኰረመመ,ሳቀ,,,,,,,,,,,,,,,,,,,,,,,,
454,ሸበላ,ውድድር,ምርጫ,ወረዳ,ህዝብ,ወከለ,መረጠ,ምርጫ,ወረዳ,ህዝብ,እለት,ችግር,ገጠመ,ምርጫ,ወረዳ,መዋቅር,ምርጫ,ወረዳ,ውክልና,ወሰነ,ምርጫ,ወረዳ,,,,,,
455,እኛ,ጠየቀ,ፖለቲካ,ቻለ,ሀገር,አለ,cnj,እኛ,ፖለቲካ,ተራመደ,አለ,ተከተለ,ጀመረ,ተጫወተ,ሰራ,ተጫወተ,እኛ,,,,,,,,,,,
456,በላ,ደመቀ,ገድ,ማ,እስክንድር,ብርሀን,አማራ,ጥቅም,ህዝብ,ተለቀ,ቅጥረኛ,,,,,,,,,,,,,,,,,
457,ደህና,ነጋ,ደገመ,መልካ,,,,,,,,,,,,,,,,,,,,,,,,
458,ብዙ,ደደብ,ፖለቲከኛ,ቻለ,ደቡብ,cnj,ለየ,በሬ,ግምባር,አከለ,መሬት,ያዘ,ላላ,ልጅ,አሰበ,ደግ,,,,,,,,,,,,
459,ወደደ,እኛ,ተከተለ,ተበጠረ,,,,,,,,,,,,,,,,,,,,,,,,
460,አምላክ,ማስተዋል,ጥበብ,,,,,,,,,,,,,,,,,,,,,,,,,
461,እናንተ,ከፈተ,,,,,,,,,,,,,,,,,,,,,,,,,,
462,ፍቅር,ጀመረ,እምነት,ሀይማኖት,ጀመረ,ተዋህዶ,ልጅ,ላገ,ቅድ,ቀን,ክብር,ቀን,በቃ,በቃ,,,,,,,,,,,,,,
463,intrj,adv,ጡት,ጠባ,አደገ,intrj,part,በላ,intrj,ስርጉት,አሁን,ድረስ,ጠባ,ጠበቀ,,,,,,,,,,,,,,
464,adv,ነው,ሶስት,ቆመ,ጐበኘ,,,,,,,,,,,,,,,,,,,,,,,
465,አለ,ቻለ,intrj,ጎበዝ,ያ,ኢትዮጵያ,ጉዳይ,ጉድ,እለታዊ,ሆነ,አቅጣጫ,በተነ,በርካታ,ነገር,አል,ሀቅ,intrj,ይቺ,,,,,,,,,,
466,ድምጽ,ሰማ,አመነ,ከበደ,ጅልነት,,,,,,,,,,,,,,,,,,,,,,,
467,ፊት,መንግስት,ራስ,ሌባ,ነበረ,intrj,ሰፈር,ሌባ,ሌባ,የት,ሀገር,,,,,,,,,,,,,,,,,
468,ሞጣ,ውነተኛ,ፍትህ,የትኛው,አጀንዳ,ውድቅ,አጀንዳ,ጠለፋ,ሰካ,,,,,,,,,,,,,,,,,,,
469,ቸኰለ,ለቀቀ,አለባቸው,አሳር,ተወ,አደገ,ልጅ,ትምህርት,ላከ,ጫካ,ገታ,ሰማ,ወላጅ,ከፍተኛ,ህመም,,,,,,,,,,,,,
470,ቃጠሎ,ተመለከተ,ዝግጅት,ጀግና,እህት,ዘይት,ሁሴን,ሀሊማ,በሽር,አንጀት,ቅቤ,ጠጣ,ዘይት,ዶክተር,በላ,ቃጠሎ,ተመለከተ,መስመር,ድርግ,ጽዳት,ዘመቻ,,,,,,,
471,ተቃዋሚ,ፓርቲ,ደጋፊ,ተከላከለ,አጠቃላይ,ኢትዮጵያ,ደንብ,ተገነዘበ,ሰአት,መብት,ቆመ,ተዘጋጀ,,,,,,,,,,,,,,,,
472,ትክክል,ህዝብ,ወከለ,ክልል,መራ,ድረስ,ተላላከ,ሀገር,ራስ,ጥቅም,ቀደመ,ግልጽ,,,,,,,,,,,,,,,,
473,ምስራቅ,ጎጃም,መስተዳድር,ዞን,እነብሴ,ሳር,ምድር,ወረዳ,ሩብ,አመት,ምክር,ቤት,ደበነ,ጉባኤ,ተካሄደ,,,,,,,,,,,,,
474,ማስታወሻ,ረጋ,አለ,እኛ,አለፈ,ቸገረ,ተረፈ,,,,,,,,,,,,,,,,,,,,,
475,ትንሽ,ጊዜ,አዘዘ,ሁሉ,እኔ,ብዙ,ጊዜ,ላከ,,,,,,,,,,,,,,,,,,,,
476,አማራ,ከበበ,አሳምነው,ጽጌ,ጀግና,ጎበዝ,ወገን,ከበበ,ነፍጥ,አነሳ,ግዴታ,ወያኔ,ሰሜን,በላ,ደቡብ,ምስራቅ,አማራ,ጦርነት,ከፈተ,ቀረ,መሰለ,,,,,,,
477,ኢትዮጵያ,ግብጽ,ሱዳን,ህዳሴ,ግድብ,ውይይት,አለ,ስምምነት,ተጠናቀቀ,ውይይት,አለ,ስምምነት,ቈጨ,ተከተለ,ኢትዮጵያ,ውሀ,መስኖ,ኢነርጂ,ሚኒስትር,ኢንጂነር,ስለሺ,በቀለ,ተናገረ,መሀል,,,,
478,cnj,አለ,ጠዳ,ቤት,ድርግ,በቃ,ሰው,ካደ,cnj,ገባ,,,,,,,,,,,,,,,,,,
479,ኢትዮጵያዊ,ሀይማኖት,ባህላዊ,አምልኮ,መሰል,ጠቀመ,ሰው,ጠበቀ,ቸገረ,መንፈስ,በረረ,ሳይንሳዊ,መንገድ,,,,,,,,,,,,,,,
480,ገዳይ,ተንከባከበ,አል,ግድያ,መብት,ሞገተ,ሚዛናዊ,ሰው,cnj,ቆመ,ተቀመጠ,አጣ,ተባለ,,,,,,,,,,,,,,,
481,ማረ,ለቀቀ,ሚና,ከፍተኛ,ደነበረ,አቶ,ንጉስ,ጥላሁን,ዜና,ቀረበ,ዋልታ,,,,,,,,,,,,,,,,,
482,ምን,አየለ,ደገመ,ህጻን,ልጅ,ጕርስ,intrj,ናደ,ልጅ,ሞላ,ኋላ,ጕርስ,ጠበቀ,አለ,,,,,,,,,,,,,,
483,ጥቅል,ጎመን,አይብ,ውጥእ,ሰው,,,,,,,,,,,,,,,,,,,,,,,
484,እኔ,ቀና,ሳበ,ሰው,ችግር,ገባ,ቅን,በረቀ,አንተ,አይነት,ሀላፊነት,ሰማ,ሰው,ተሰፋ,አለ,ወደደ,,,,,,,,,,,,
485,ሽብር,ተግባር,ክልል,ሄደ,,,,,,,,,,,,,,,,,,,,,,,,
486,አይነት,ውሳኔ,ጐዳ,አለ,ማህበረሰብ,ቸገረ,አንገት,ደፋ,ቤተሰብ,አሰበ,ተማረ,አለ,አሰበ,ፈለገ,አዋቂ,ሁሉ,ተባለ,,,,,,,,,,,
487,ጠፋ,ዋለ,መልቲ,ጌጥ,ነው,ድንቁርና,ገዳይ,ሎቲ,ጠየቀ,ዮሀንስ,አድማስ,,,,,,,,,,,,,,,,,
488,ኦማን,ብልጽግና,ተሻገረ,ታሪካዊ,ሱልጣን,አመት,አረፈ,,,,,,,,,,,,,,,,,,,,,
489,አጃ,intrj,ተስፋ,ቃል,አለ,እግዚአብሄር,ፍርሀት,ቅድስና,ፍጹም,ድርግ,ስጋ,መንፈስ,ረከሰ,ራስ,,,,,,,,,,,,,,
490,አሜሪካ,ህዳሴ,ግድብ,አዲ,ስምምነት,ሰነድ,ቀረበ,ፍላጎት,አለ,,,,,,,,,,,,,,,,,,,
491,ሚደቅሳ,ቆይታ,ኦሮሞ,ነው,አለ,,,,,,,,,,,,,,,,,,,,,,,
492,ከተማ,አደረ,ከተማ,ነዋሪ,ህይወት,ቀየረ,ድርግ,አለ,እንቅስቃሴ,ደነቀ,ህዝብ,ምክር,ቤት,ገለጸ,የማነ,ኑሮ,ቀየረ,ነገረ,,,,,,,,,,
493,ጋዜጠኛ,እስክንድር,ነጋ,መራ,አበባ,አደራ,ምክር,ቤት,ራስ,ፖለቲካ,ፓርቲ,ቀየረ,ላመ,ስብሰባ,አቀደ,ስብሰባ,መንግስት,ጸጥታ,ሀይል,,,,,,,,,
494,ወለጋ,ጉጂ,ቦረና,ተደረገ,ጦርነት,ብሄር,ብሄረሰብ,መሀከል,ቤት,ኦሮሞ,post,ተወገደ,ሁሉ,ሀይል,ግዴታ,,,,,,,,,,,,,
495,ተናገረ,ፊት,አሰበ,ተገነዘበ,ረዳ,ስሜት,ጸዳ,በቃ,ረዳ,ያዘ,ግድ,አለ,,,,,,,,,,,,,,,,
496,ሴት,,,,,,,,,,,,,,,,,,,,,,,,,,,
497,አቢይ,መንግስት,ኦሮሚያ,ዘጋ,አማራ,ክልል,ዩኒቨርሲቲ,ክፍት,ድርግ,ኦሮሞ,መራ,ጨረሰ,,,,,,,,,,,,,,,,
498,አጼ,በላ,ተከላከለ,ሰራዊት,ኦሮሚያ,ልዩ,ፖሊስ,መረቀ,ወጣት,ወለጋ,ዘመተ,ኦሮሞ,ኦሮሞ,ገደለ,አየ,ከፋ,አውሬነት,ለም,እባብ,ወለደ,እርግብ,አለ,እርግብ,ቻለ,,,,
499,ታሪክ,በራ,ሀቅ,,,,,,,,,,,,,,,,,,,,,,,,,
500,ትዳር,መሰረተ,ለመደ,ነው,ዜና,ሰማ,ደቡብ,ሰሜን,ሄደ,መብት,ተከበረ,ነው,ጥቂት,ባለሙያ,ያ,ሄደ,,,,,,,,,,,,
501,ወጣት,ተባለ,,,,,,,,,,,,,,,,,,,,,,,,,,
502,ጥንድ,ሀዋሳ,ሀይል,ዛሬ,ሰአት,ተሞሸረ,ረዳ,ፎቶ,ደረሰ,ሀይል,,,,,,,,,,,,,,,,,,
503,ባለስልጣን,አዘዘ,ግዴታ,መጥፎ,አዘዘ,ድረስ,ሴት,ክብር,ናደ,ባህርይ,ተንከባከበ,ያዘ,አዘነ,ግድ,ጥሩ,አጽናና,ህክምና,በለጠ,,,,,,,,,,
504,አር,ፋረ,ግብጽ,ቁልፍ,ተናገረ,,,,,,,,,,,,,,,,,,,,,,,
505,እኛ,ባህል,አለ,ተሸነፈ,ትክክል,አለ,አሰበ,ባህል,መጣ,ተሸነፈ,ልክ,ነው,አለ,ጮኸ,ወደደ,ባህል,አወቀ,ተሸነፈ,ሁሉ,ባህል,ሁሉ,ምድር,ነው,,,,,
506,ወያኔ,ብልጽግና,ጥገኛ,ቀጣይ,ሀይል,ውህድ,ግንባር,ፈጠረ,ተዘጋጀ,ገለጸ,ወያኔ,ጊዜ,ተወ,,,,,,,,,,,,,,,
507,ተወ,አለ,ገባ,ጉብኝት,አጭር,ቀረረ,ልጅ,እረፍት,ጨረሰ,ኮሌጅ,መለሰ,ቈየ,,,,,,,,,,,,,,,,
508,አየ,ክልል,ተግባር,ተመለከተ,አቋም,ተቃራኒ,አሰበ,ተግባር,አረመ,እርምጃ,ወሰደ,ቅጥል,ሽብርተኛ,አካል,ከፋ,ሙስሊም,በደለ,,,,,,,,,,,
509,ገና,አበረ,ከበረ,ሀገር,ሩሲያ,ግብጽ,ኤርትራ,ቡልጋሪያ,እስራኤል,ሰርቢያ,ቤላሩስ,ሞንቴኔግሮ,ጆርጂያ,ፊላ,መልካ,ገና,አል,adv,,,,,,,,,,
510,ሰላም,ደህንነት,ሀላፊ,ክልል,ምን,አይነት,ገታ,ፈጸመ,ደቂቃ,ልዩነት,,,,,,,,,,,,,,,,,,
511,ማረ,ጉዳይ,አሰበ,adv,መንግስት,ሰጠ,ዋጋ,ቸኰለ,መፍትሄ,,,,,,,,,,,,,,,,,,,
512,በላ,intrj,አሁን,ተፋ,መሰለ,,,,,,,,,,,,,,,,,,,,,,,
513,አሞሌ,intrj,ራስ,አለ,ጣፈጠ,adv,ድንጋይ,ተባለ,ወረወረ,ሲስተም,ለም,ተባለ,ትኬት,ክልል,ቈረጠ,ደነገጠ,,,,,,,,,,,,
514,ጥር,ኢትዮጵያ,ብሄራዊ,ምርጫ,ቦርድ,ዛሬ,እለት,አካሄደ,ውይይት,ግኝ*,ግብአት,ተካተተ,ምርጫ,ጊዜ,ሰሌዳ,አወቀ,ጥር,በርካታ,ተሳተፈ,ተገኘ,ተባለ,,,,,,,
515,መላ,ክርስትና,እምነት,ተከታይ,አጃ,መልካ,አል,ሆነ,,,,,,,,,,,,,,,,,,,,
516,አንቺ,ተደሰተ,ብይ,,,,,,,,,,,,,,,,,,,,,,,,,
517,ሆሳእና,ሜዳ,ውጪ,ጣፈጠ,ድል,መዘገበ,,,,,,,,,,,,,,,,,,,,,,
518,ተመሰገነ,ባረከ,,,,,,,,,,,,,,,,,,,,,,,,,,
519,መባቻ,ንባብ,በቃ,ወለደ,አደገ,ጣሊያን,ሰፈር,እናት,ስም,ወላጅ,ወግ,ጠራ,ጀመረ,አል,እሱ,መባቻ,አለ,ቍልምጥ,ቅርብ,ወረት,አለ,አተመ,አለ,ቍልምጥ,ሆነ,,,
520,adv,አህመዲን,ተቃጠለ,ድርግ,ተወራ,ሀይማኖት,ተከራከረ,ለም,አወቀ,ዘለለ,ገመተ,ከበደ,ውሸት,,,,,,,,,,,,,,,
521,ታህሳስ,ደረሰ,ሀገር,ምርት,ደረጃ,ፍላጎት,ሰበሰበ,ነው,ላኪ,ረዳ,ግኝ*,ቻለ,ተባለ,,,,,,,,,,,,,,,
522,ቴሌኮም,num,ብር,ድጋፍ,ዩኒቨርሲቲ,ማረ,,,,,,,,,,,,,,,,,,,,,,
523,ጻፈ,ጽሁፍ,ቴሌግራም,ግኝ*,ቻለ,ካነ,,,,,,,,,,,,,,,,,,,,,,
524,አማራ,ዩኒቨርሲቲ,ማረ,ጉዳይ,ተመሰገነ,,,,,,,,,,,,,,,,,,,,,,,
525,ደላላ,ሌባ,ሆነ,ተግባር,መሰለ,ህዝብ,ዋነኛ,ስራ,,,,,,,,,,,,,,,,,,,,
526,ክፉ,ፈለገ,ጠየቀ,አወቀ,ፈለገ,አጀንዳ,ማን,ነዳ,ህግ,ህግ,ክብር,አለ,ግዴታ,መብት,አለ,ፈለገ,መንግስት,ትርጉም,አፈር,በላ,,,,,,,,
527,ተመሰገነ,እኛ,ጀግና,አንተ,ቤተሰብ,,,,,,,,,,,,,,,,,,,,,,,
528,ዳነ,cnj,ልብ,,,,,,,,,,,,,,,,,,,,,,,,,
529,ኢትዮጵያ,ዳያስፖራ,ኤጀንሲ,ደቡብ,ክልል,ልማት,ዳያስፖራ,ተሳተፈ,አደገ,ተቻለ,ክልል,ውይ*,,,,,,,,,,,,,,,,
530,አየ,ፈለገ,መረጠ,አየ,ቀጠለ,አለ,ሰው,ስርአት,ነፈገ,አየ,በጎ,ስራ,ደገመ,መርህ,አንጻር,ሁለት,ያ,,,,,,,,,,,
531,ምኒልክ,መጣ,ሄደ,ዘመን,ተባለ,ክልል,ሆነ,አመት,ጽዳት,አለፈ,ወቀሰ,ሰአት,በቃ,አለ,ቆሻሻ,ተጠያቂ,,,,,,,,,,,,
532,እኛ,ሴት,ገለጸ,ስኬት,ቈጠረ,ነጭ,አፍሪካ,ጠበሰ,እኔ,አንዲት,ኢትዮጵያዊት,መሰለ,ሴት,ደረጃ,ወረደ,ጭንቅላት,ጸጉር,ተሸከመ,ዞረ,,,,,,,,,
533,በለው,ማረ,,,,,,,,,,,,,,,,,,,,,,,,,,
534,ነው,መታ,ምግብ,በላ,ሰላም,አጣ,,,,,,,,,,,,,,,,,,,,,,
535,በግ,ደነቀ,ሆነ,ፍየል,ጫነ,ፈለገ,ሰላማዊ,መንገድ,ታገለ,አለ,,,,,,,,,,,,,,,,,,
536,ለመደ,ቀልድ,እምር,ሆነ,ላከ,ተዘጋጀ,እኛ,አገር,ሰላም,ረገጠ,ተሞሸረ,እውነት,ጎበዝ,ቁም,ናቀ,ጥርእ,,,,,,,,,,,,
537,ትናንት,ቸኰለ,ጉባኤ,ደቂቃ,ፊት,ተጠነቀቀ,ድርጅት,ዝርዝር,ገለጸ,ጠበቀ,አለ,ስእል,አየ,አቶ,ጌታ,አሰፋ,ፈጸመ,ኮሚቴ,አባል,,,,,,,,,
538,ጅብ,ችኩል,ቀንድ,ነከሰ,አንተ,የት,አለ,ምን,እጥፋት,ማረ,,,,,,,,,,,,,,,,,,
539,ጥር,ንብረት,አካፈለ,ጥያቄ,ግንባር,ንብረት,አፈራ,ጉዳይ,,,,,,,,,,,,,,,,,,,,
540,ጥቂት,ደቂቃ,ፊት,ብይ,ጻፈ,አዋቂ,ነው,አንቺ,ሆነ,,,,,,,,,,,,,,,,,,,
541,ህዳሴ,ግድብ,ትኵር,ውይይት,ነገ,አሜሪካ,ተካሄደ,ይህ,ውጭ,ጉዳይ,ሚኒስትር,ገድ,አንዳርጋቸው,መራ,ኢትዮጵያ,ልኡክ,ትናንት,መረተ,,,,,,,,,,
542,ጤና,ስራ,አማካይ,መራ,አለ,ባህላዊ,ሴት,መራ,እሱ,ወረዳ,ቀበሌ,,,,,,,,,,,,,,,,,
543,አርባ,ምንጭ,ነበረ,ባህላዊ,መስተንግዶ,ታህሳስ,,,,,,,,,,,,,,,,,,,,,,
544,ይቺ,ሀገር,ድሮ,ወረደ,ወረደ,መጣ,ዘመን,ተረከበ,እግድ,ጀመረ,ራስ,ደካማ,,,,,,,,,,,,,,,,
545,ቅርብ,ደጋፊ,አማራ,ፍልስጤም,ሄደ,ሄደ,እረፍት,መለሰ,ይቅርታ,ጠየቀ,እስር,አለ,መልእክት,ተላለፈ,,,,,,,,,,,,,,
546,አረቀ,መሰለ,,,,,,,,,,,,,,,,,,,,,,,,,,
547,ታሪክ,cnj,መሰለ,እጅ,መዳፍ,ታሪክ,ምሳሌ,መካሪ,አለ,ችግር,ቀረፈ,ችግር,,,,,,,,,,,,,,,,
548,ጫረ,አለ,ጭቅጭቅ,ፈጠረ,እውነቱ,ጠፋ,ነው,,,,,,,,,,,,,,,,,,,,,
549,ሰማ,ሰማ,ድርግ,ተባበረ,,,,,,,,,,,,,,,,,,,,,,,,
550,ወንጀል,ቈጠረ,እስር,ቤት,ገባ,አለ,ሞት,ፍርድ,ፈረደ,ወገረ,ሙት,ቤተሰብ,ፍትህ,ተገኘ,ኑሮ,ተመሳቀለ,ቤተሰብ,ብትንትን,አለ,ነዛ,መከራ,አንተ,ቤተሰብ,መጣ,,,,
551,እውነታ,ላከ,መሬት,,,,,,,,,,,,,,,,,,,,,,,,,
552,ፖለቲካ,ትግል,ያ,ሰላማዊ,ተሻለ,ቻለ,ተባባለ,ውድድር,ስድብ,ቻለ,ነሳ,መረጠ,ተባለ,ሰለጠነ,,,,,,,,,,,,,,
553,እስር,ኖረ,መልካ,cnj,ብዙ,ተማረ,እነሱ,,,,,,,,,,,,,,,,,,,,,
554,adv,ሶስት,ክልል,አለ,አማራ,ኦሮሚያ,ትግራይ,ብዙ,ውርጋጥ,አየ,አለ,ፍትሀዊ,ምርጫ,ተካሄደ,አሰበ,ቀልድ,,,,,,,,,,,,
555,ልዩ,ጥቅም,ልዩ,ዜጋ,ሆነ,ጥያቄ,,,,,,,,,,,,,,,,,,,,,,
556,ኢትዮጵያ,ሀይል,ተመለከተ,አለት,ነው,ሳይንስ,አስተማረ,ነበረ,ነው,ሳይንስ,adv,መንግስት,ነው,እኛ,,,,,,,,,,,,,,
557,አመመ,አባት,አለ,ፈጠረ,ፊት,ነበረ,ክብር,ራስ,ክብር,ከበረ,,,,,,,,,,,,,,,,,,
558,መልካ,ስራ,ደነቀ,ድክመት,ተቸ,ለመደ,ኢትዮጵያዊ,ትልቅ,ችግር,ቀረ,,,,,,,,,,,,,,,,,,
559,ዋጋ,ፋረ,ለቀቀ,,,,,,,,,,,,,,,,,,,,,,,,,
560,መንግስት,ሁሉ,እምነት,እኩል,አየ,አለ,አል,መጣ,አለ,ገለጸ,,,,,,,,,,,,,,,,,,
561,ግል,አየ,ቦታ,አየ,ብቃት,አነሰ,ተነሳ,ሰጠ,ጨረሰ,ብልጽግና,ወሰነ,ምርጫ,አለ,ሰው,ጤንነት,አጠራጠረ,,,,,,,,,,,,
562,ሀሳብ,ሸጠ,ድሮ,ቀረ,ብዙ,ሰራ,አሁን,ብዙ,ሰራ,ቻለ,ጠፋ,ድርግ,አዘነ,,,,,,,,,,,,,,,
563,ምን,ቀለደ,ፊት,ጥይት,ድምጽ,ናፈቀ,አለ,ዘንድሮ,ሀገር,ህዝብ,አለ,አመለካከት,ድብልቅ,አለ,ጥሩ,ኖረ,አደገ,አለ,,,,,,,,,,
564,ስሜት,ገነገነ,ጊዜ,እውነት,እውነት,ተናገረ,ፊት,ሄደ,ፈራ,ተሸማቀቀ,የት,ደረሰ,ጉዳይ,ኪሳራ,,,,,,,,,,,,,,
565,ጋዜጠኛ,አለቃ,ሰላም,ሽልማት,አለ,ተመለከተ,ጋዜጠኛ,ድርግ,ጠየቀ,ሀሳብ,ገለጸ,ቅእት,,,,,,,,,,,,,,,,
566,ራቀ,ድንቅ,ምስጢር,ነከረ,ሴት,እግዚአብሄር,ቃል,ወለደ,ድንግል,ፈጣሪ,ወለደ,እሱ,እናት,ፈጠረ,ከርስ,እርስ,ፈጠረ,ስጋ,ኤፍሬም,,,,,,,,,
567,ሰመራ,አደረ,ቤት,ገነባ,አማራ,ክልል,ተቃጠለ,adv,ገነባ,አለ,,,,,,,,,,,,,,,,,,
568,ኦሮሞ,አዲሱ,ቤት,ምረቃ,ዝግጅት,ገጽታ,,,,,,,,,,,,,,,,,,,,,,
569,ወቅት,ሀገር,ወጣ,ስርአት,መሰለ,ደነበረ,መረጃ,ጥቂት,አለ,በለጠ,ግልጽ,ሆነ,,,,,,,,,,,,,,,,
570,ዘጋ,መልክ,አለ,ወገኔ,መጣ,ገንዘብ,አበል,ደመወዝ,ዋለ,ተባለ,ችግር,ፈታ,ላላ,,,,,,,,,,,,,,,
571,intrj,ዘር,ደረጀ,ፓርቲ,ምርጫ,ቀረበ,ዘር,መረጠ,ፓርላማ,ገባ,አገር,ወከለ,ተዳደረ,በቃ,ሀገር,ደረጃ,ተወዳደረ,ቀሰቀሰ,ዘር,ፖለቲካ,ጉዳት,ሰበከ,,,,,,
572,መድረክ,ጀርባ,ተወራ,ምርጥ,ነገረ,ፎቶ,ተነሳ,ለየ,,,,,,,,,,,,,,,,,,,,
573,ሰው,cnj,ከፍተኛ,ስራ,,,,,,,,,,,,,,,,,,,,,,,,
574,ማረ,ተማረ,የዋህ,ሀበሻ,ተጫወተ,አለ,ምስክርነት,ደቂቃ,ሳመ,,,,,,,,,,,,,,,,,,,
575,ራስ,አሜሪካ,ካንሳስ,ነዋሪ,ሆነ,ሳራ,አንድ,ስራ,ወጣ,መኖሪያ,ቀና,አለ,num,እድሜ,ጠና,አዛውንት,ነገደ,ዳር,part,ለመነ,ተመለከተ,,,,,,,
576,ጀመረ,ነገረ,ወጣትነት,ህዝብ,ሀገር,ደህንነት,ብዙ,ሰራ,ምስጋና,cnj,አንተ,ሰደደ,ገብ,እውነት,ዘገየ,ሆነ,,,,,,,,,,,,
577,ክፍል,አለ,ርእስ,ያእቆብ,መልእክት,part,ሰጠ,ትምህርት,adv,አካፈለ,,,,,,,,,,,,,,,,,,
578,አማራ,አንተ,,,,,,,,,,,,,,,,,,,,,,,,,,
579,መራ,ትግል,ፈርጥ,አለ,መታ,ሀሳብ,ተቀበለ,ገበሬ,ገንዘብ,መሬት,ሸጠ,ችግር,ወደቀ,አለ,,,,,,,,,,,,,,
580,ገና,ተጫወተ,ዱላ,ኳስ,ስም,ሸለመ,,,,,,,,,,,,,,,,,,,,,,
581,ኦሮሚያ,ልዩ,ፖሊስ,ታከለ,ተወርዋሪ,ሰራዊት,ደባ,አለጠ,ተገኘ,ቀጠለ,ትልቅ,እቅድ,ጥምረት,post,ሆነ,ሰካ,cnj,ብልጽግና,post,ወደቀ,ታከለ,ራእይ,ጠነከረ,ቀጠለ,,,,
582,ጥሩ,እኛ,ወደደ,,,,,,,,,,,,,,,,,,,,,,,,,
583,ኦሪት,ዘዳግም,ሰው,እግዚአብሄር,አፍ,ውጥእ,ህይወት,ኖረ,እንጀራ,ህይወት,ኖረ,አወቀ,ተጨነቀ,ራበ,አንተ,አወቀ,አባት,ወቃ,መና,በላ,,,,,,,,
584,ኦሮሞ,ወንድማማችነት,ዘመን,ተሻገረ,ሰበረ,ድልድይ,ስል,ሀላፊ,አቶ,አንዱአለም,ታደሰ,ገጽ,ፋረ,,,,,,,,,,,,,,,
585,ጊዜ,ብር,intrj,ብር,አለመ,ብር,ሰጠ,መቶ,ብር,ካርድ,ገዛ,ብይ,ኳተ,,,,,,,,,,,,,,,
586,ገፋ,ተባበረ,ኢትዮጵያ,ተስፋ,,,,,,,,,,,,,,,,,,,,,,,,
587,አገር,ፍትህ,ስርአት,ገለልተኛ,ሚዛናዊ,ሆነ,ፍትህ,ግኝ*,አሰበ,ተጃጃለ,አምባገነን,ተገለገለ,ሆነ,አለ,ኤርሚያስ,ምክንያት,ችሎት,ፍርድ,ቤት,,,,,,,,,
588,መፈክር,ፈረሰ,መፈክር,ቀጠለ,መድፈኛ,ጠቀለለ,ሚኒስትር,,,,,,,,,,,,,,,,,,,,,
589,ምድረ,ሽፍታ,ልጅ,ጥር,ወርቅ,ቀረ,ዘረፈ,ስንት,ኢላማ,አረገ,ግፍ,ገደለ,አሰረ,ብድር,ልጅ,አየ,በቀለ,ተቀበለ,እግዚአብሄር,ይመስገን,,,,,,,,
590,ድሀ,አባት,ልማት,መሪ,እግዚአብሄር,ጠበቀ,,,,,,,,,,,,,,,,,,,,,,
591,አባይ,ወንዝ,ፍሰት,ጠበቀ,ቀረበ,ጥያቄ,ውድቅ,ድርግ,,,,,,,,,,,,,,,,,,,,
592,ቈላ,cnj,ሆነ,እኛ,ፍላጎት,ትክክለኛ,ጥያቄ,ነው,አሁን,ሰአት,adv,አሰበ,ተጨነቀ,አለነ,cnj,ስሜት,ሆነ,አሁን,እውነት,ግራ,ገባ,,,,,,,
593,አመት,ሙሉ,ፓርቲ,መንግስት,ጠቀመ,ቢሊዮን,ቈጠረ,ግብር,ከፋይ,ገንዘብ,ድርጅት,ከፈለ,አለባቸው,ለየ,ዘረፈ,ገንዘብ,ህግ,ድርሻ,,,,,,,,,,
594,አርሲ,ነገሌ,እግዚአብሄር,አብ,ሁሉ,ጊዜ,ተባለ,ደስታ,ዘመረ,ቀን,adv,መጣ,,,,,,,,,,,,,,,,
595,መታወቂያ,ምን,ህግ,ኖረ,ሰጠ,ደነቀ,cnj,ጠራ,ቻለ,ድርጅት,ፖለቲካ,ፓርቲ,ወፍራም,መስመር,,,,,,,,,,,,,,
596,ህግ,ባለሙያ,ተናገረ,አመት,አመነ,ፈጀ,መሰለ,,,,,,,,,,,,,,,,,,,,,
597,ሰላ,አራጌ,ኢትዮጵያዊ,ሆነ,ረገጠ,,,,,,,,,,,,,,,,,,,,,,,
598,አፍ,አለ,ልብ,ደረሰ,,,,,,,,,,,,,,,,,,,,,,,,
599,ጌታ,አረጋዊ,ጉዳይ,መጽሄት,ባለቤት,ዝግጅ*,,,,,,,,,,,,,,,,,,,,,,
600,ዛሬ,ምርጥ,ቀን,ነገ,በለጠ,ተሻለ,ሆነ,intrj,,,,,,,,,,,,,,,,,,,,
601,አየ,ብልጫ,ፈጠረ,እድል,ገብረመድህን,ሀይል,,,,,,,,,,,,,,,,,,,,,,
602,ማህበረሰብ,አማርኛ,አስተማረ,ረገጠ,ድብይ*,ወቃ,ደቀደቀ,adv,አለ,አለ,አለቃ,ተረጐመ,,,,,,,,,,,,,,,,
603,ቀና,ግራ,ተመለከተ,ዙሪያ,መተረ,አይን,ሁሉ,አየ,ጨለማ,cnj,አይን,አንተ,አነሳ,ፊት,ተስፋ,ተናገረ,ብሩህ,ቀን,ፊት,ያዘ,ቆመ,አለ,,,,,,
604,ኢትዮጵያዊ,ዲሞክራሲ,,,,,,,,,,,,,,,,,,,,,,,,,,
605,ነበረ,በለው,ብዙ,አለ,ለቀቀ,ደግ,,,,,,,,,,,,,,,,,,,,,,
606,ገመተ,cnj,ብልጽግና,ምርጫ,ገነጠለ,መሰለ,ጀመረ,ደመረ,ብልጽግና,ቀላቀለ,ክልል,ተሸነፈ,ብልጽግና,ተንሸራተተ,አሸናፊ,አውራ,ሆነ,,,,,,,,,,,
607,ፓርቲ,ዜግነት,ሰጠ,,,,,,,,,,,,,,,,,,,,,,,,,
608,ትልቅ,ንግር,ፊልም,መሰለ,ታሪክ,,,,,,,,,,,,,,,,,,,,,,,
609,ለመደ,በርታ,ተስፋ,ሰጠ,ፎቶ,,,,,,,,,,,,,,,,,,,,,,,
610,ጽንፈኛ,ፖለቲካ,ነፍጠኛ,ከበበ,አረደ,አንድ,ህይወት,ላጠ,ቤተሰብ,ዘና,ለም,አጋር,አል,ውዳቂ,,,,,,,,,,,,,,
611,ቅል,ራስ,ጭንቅላት,ልክ,ውጪ,ውስጥ,ባዶ,,,,,,,,,,,,,,,,,,,,,
612,በጎ,ቻለ,በጎ,ስራ,በጎ,መለሰ,ቻለ,ተባለ,ፍቅር,ዘራ,አለ,ሌላ,ድርግ,ታደለ,መሪ,ደገመ,ህዝብ,ታላቅ,ጸጋ,,,,,,,,,
613,እገዛ,ሀገር,ጠላት,ተጠቃ,መደዴ,ጀግና,ዋለ,ሉአላዊነት,ተመጻደቀ,ሀገር,ሉአላዊነት,አንድነት,,,,,,,,,,,,,,,,
614,ቀየረ,ወጥ,ጣፈጠ,ደደብ,ደደብ,አዲ,መጣ,ኤርትራ,አባት,መቃብር,ምን,ልብ,ፈርሳም,ጥር,ስጋ,part,አለ,ሆዳም,,,,,,,,,,
615,ላከ,ኦሮሞ,ሀገር,ቀጠለ,ወሰነ,ማህበረሰብ,,,,,,,,,,,,,,,,,,,,,,
616,ገና,አል,እርድ,እንስሳ,አዲ,አበባ,ከተማ,አስተዳደር,ቄራ,ድርጅት,ቀረበ,ይህ,ሰንጋ,ቀረ,በግ,ፍየል,አወቀ,,,,,,,,,,,
617,መልካ,ሰንበት,ሰንበት,ረድኤት,በረከት,ተሳተፈ,አምላክ,እመቤት,intrj,እስራት,ሀገር,ኢትዮጵያ,አራ,ቀን,ክፉ,ጠበቀ,,,,,,,,,,,,
618,ቴአትር,ቤት,ሀላፊ,ረገጠ,ለየ,ብሄረሰብ,ባህል,አየ,ቴአትር,አማርኛ,ቋንቋ,አማርኛ,ተናጋሪ,ተመልካች,ተዘጋጀ,,,,,,,,,,,,,
619,አማራ,አለ,ልዩ,ዞን,ተደራጀ,ድርግ,ፈለገ,ሰላማዊ,ሰልፍ,ድርግ,ክልል,የት,ክልል,አሰበ,ቅዠት,,,,,,,,,,,,,
620,ናንት,ወጣት,መሰለ,ሽማግሌ,ገዛ,ትህትና,እርስ,እርስ,ከበረ,ኩራተኛ,ተቃወመ,cnj,ጸጋ,ሰጠ,ጴጥሮስ,,,,,,,,,,,,,
621,አጠቃላይ,ወለጋ,መንጋጋ,,,,,,,,,,,,,,,,,,,,,,,,,
622,ሆነ,አየ,አዘነ,,,,,,,,,,,,,,,,,,,,,,,,,
623,መላ,አማራ,ድርጅት,ሀላፊ,ነበረ,አለ,መታ,ትክክለኛ,ተናገረ,ናፈቀ,ተስፋ,,,,,,,,,,,,,,,,,
624,አዘነ,ዜና,ኦሮሚያ,ክልል,ቦረና,ዞን,ድር,ወረዳ,ዛሬ,እለት,ገበያ,ሰው,አፈረ,ተጓዘ,ነበረ,ህዝብ,ማመላለሻ,መኪና,ገለበጠ,ሰባት,ሰው,ህይወት,አለፈ,መኪና,አደጋ,ዜጋ,ህይወት,ቀጠፈ
625,ደሳለኝ,ራህመቶ,መሬት,መሬት,ጠቀመ,ምግብ,ዋስትና,ኢትዮጵያ,ርእስ,ፎረም,ዝግጅ*,ህዝባዊ,ውይይት,መድረክ,ተገኘ,አካፈለ,,,,,,,,,,,,
626,ኢትዮጵያ,ፈጠራ,ባለሙያ,ማህበር,ህጋዊ,ግኝ*,መሰረተ,ማህበር,ታህሳስ,ሲቪል,ማህበር,መዘገበ,ሀገር,ቀፈፈ,ደረጃ,ፈጠራ,ዘርፍ,ቀሰቀሰ,እውቅ,ግኝ*,አወቀ,,,,,,,
627,ውነተኛ,ሀይማኖተኛ,ቀደመ,,,,,,,,,,,,,,,,,,,,,,,,,
628,ዛር,ያዘ,ተሰማ,ተናገረ,ደገመ,ብልጽግና,ፓርቲ,ሰጠ,መብት,,,,,,,,,,,,,,,,,,,
629,ራበ,ቢስ,ወለጋ,ሰላም,ወረደ,አለ,ጸለየ,ሰላም,ሰፈነ,ድርግ,ወለጋ,አመሰ,,,,,,,,,,,,,,,,
630,ኖረ,ከበበ,ነበረ,ሰአት,ደረሰ,ሮጠ,ትምህርት,ፍቅር,ነበረ,,,,,,,,,,,,,,,,,,,
631,ዘመናዊ,ጀመረ,ደገመ,,,,,,,,,,,,,,,,,,,,,,,,,
632,intrj,ካቶሊክ,ጳጳስ,አሜሪካ,ታገሰ,አለም,አለቀ,ፊት,,,,,,,,,,,,,,,,,,,,
633,እምነት,ተቋም,ጥቃት,ውይይት,ተደረገ,,,,,,,,,,,,,,,,,,,,,,,
634,ተመሰገነ,cnj,ባልደራስ,ቀላቀለ,,,,,,,,,,,,,,,,,,,,,,,,
635,ሀገር,ኩባንያ,ብር,ተረፈ,ደስተኛ,cnj,አሁን,ውድ,ተጠቃሚ,አቅም,ተገናዘበ,ዋጋ,ጫነ,እኔ,ዜጋ,መረጠ,ግኝ*,ድጋሚ,ተናገረ,አለ,,,,,,,,
636,ጠቀለለ,በላ,ሞጣ,ፈጸመ,መስጊድ,ቃጠሎ,ሙስሊም,ንብረት,ወደመ,ተመለከተ,ሙስሊም,ህብረተሰብ,ዛሬ,ተናገረ,ጠየቀ,ቤተክርስቲያን,ቃጠሎ,መንግስታዊ,አድልዎ,አሁን,,,,,,,,
637,መሰል,ዘገነነ,ዘገነነ,ቅጥ,አጣ,ወጣ,ወጣ,ግለሰብ,ታሪክ,ምሳሌ,ልብስ,ጫማ,ዘነጠ,num,ብር,ወጣ,ስንት,,,,,,,,,,,
638,ወለጋ,ምእራብ,ኦሮሚያ,ከበበ,ሰማ,መንፈስ,ረበሸ,ፈጣሪ,ሰላም,ወረደ,,,,,,,,,,,,,,,,,,
639,ምሳሌ,ትእቢት,መጣ,ውርደት,መጣ,cnj,ጥበብ,ተገኘ,,,,,,,,,,,,,,,,,,,,
640,ተንኮል,ጠባብ,መረዘ,ልብ,ጸዳ,ሰገደ,ጥቁር,መርዝ,ልብ,ያዘ,ሰገደ,አፈረ,ቀጠለ,አማራ,ሙስሊም,አማራ,intrj,ቅጥል,አለ,ሊያ,ኩሩ,ነፍጠኛ,,,,,,
641,ፊት,እጅ,አቀፈ,ጌታ,intrj,አንተ,አለ,,,,,,,,,,,,,,,,,,,,,
642,እብደት,ተቃጠለ,adv,ምላሽ,cnj,መንግስት,እጅ,ጭራሽ,ቅጥል,ጨፈረ,ሙስሊም,አለ,,,,,,,,,,,,,,,,
