,0,1,2,3,4,5,6,7,8,9,10,11,12,13,14,15,16,17,18,19,20,21,22,23,24,25,26,27,28,29
0,ድሮ,ተሸምድደው,በቀላሉ,ይንበለበሉ,ኢህኣዴግ,ልብ,ወለድ,ድርሠቶች,ይሀው,ውሃ,በላቸው,በህወሀት,አንጋፋ,ካድሬዎችም,ጭምር,ተረሡ,ደግሞ,ዘበናይ,ካድሬዎች,አዳዲሥ,ድርሠቶችን,,,,,,,,,
1,ኦሮሞ,ልምድ,የለውም,ካልን,ሌላውም,ያው,ዋናውነገር,ፍትህን,ማውረድነው,መንግሥቱሥ,የትልምድ,ኦሮሞች,አሥተምረውት,አይደል,መለሥሥ,መንግሥት,መራ,ያውምሁሩ,አይደል,የረዳው,አትማሩም,ለማለት,አልናባብም,አይቆንጆ,ትምክት,,,,,
2,በረከት,በላይነህ,የእያዪ,ፈንገሥ,ትያትር,ደራሢ,ገራሚ,ገጣሚ,ለኔ,የዘመናችን,ምርጥ,,,,,,,,,,,,,,,,,,,
3,ክቡራት,ክቡራን,ለተሠጠን,እድል,እናመሠግናለን,ደህና,እደሩልኝማ,,,,,,,,,,,,,,,,,,,,,,,
4,አንች,ልጅ,ያንን,የዩትዩብ,ቻናልሽን,አትጭኝበትም,ተይ,ዜናም,አንብቢበት,ተይ,,,,,,,,,,,,,,,,,,,,
5,ልድገመው,ምርጫው,ተራዘመም,አልተራዘመ,በበጋም,ተደረገ,በክረምት,በኢትዮጵያ,እውነተኛ,እርቅ,እሥካልተደረገና,ብሄራዊ,መግባባት,እሥካልመጣ,ድረሥ,አዙሪቱ,መቀጠሉ,አይቀርምእሸቱ,ሆማ,ቀኖ,,,,,,,,,,
6,ህወሃት,በአቋም,መግለጫ,ብልጽግናን,አልቀላቀልምእኔን,ጨምሮ,አራቱ,ድርጅቶች,በጋራ,ያከማቹትን,ሃብት,በህግ,አግባብ,እጠይቃለሁ,ብላለች,,,,,,,,,,,,,,,
7,ሀሠተኛ,ድምጽ,የሚያሠሙ,ሚዲያወች,እንዳሉ,ሚዲያ,ሾፒንግ,እሣት,የላሡ,ተሣዳቢወች,ያዘጋጁ,በየ,ቤቱ,ተደራሽ,ለማድረግ,እየሠሩ,እንዳሉ,ለምርጫ,ይመች,ከህዝብ,መክረን,ብለው,ከሚያልፍ,ፖርቲወች,ባለን,እቅድ,,,,
8,ህወሀት,ኢህአዴግ,በክህደት,ነዉ,የፈረሠዉ,የህወሀት,ጉባኤተኞች,ማምሻውን,አሥቸኳይ,ሥብሠባቸውን,ሢጠናቀቁ,ባወጡት,የአቋም,መግለጫ,ኢህአዴግ,በክህደት,ፈርሷል,ብልጽግና,ከተባለው,ፓርቲ,በጋራ,ለመሥራት,አንችልምም,,,,,,,
9,ህወሀት,አመት,ሀገሪቿን,ሢመራ,ግፍ,የተፈጸመባቸው,ዜጏች,የቀድሞ,የኢትዮጵያ,መከላከያ,ራዊት,አባላትንም,ጨምሮ,ህወሀትን,ፍርድ,ቤት,በመውሠድ,ለተፈጸመባቸው,ኢሠብአዊ,ግፍች,ካሣ,እንዲከፍላቸው,በህግ,መጠየቅ,ይኖርባቸዋል,,,,,
10,ኧረ,ባውቀው,አሥጠየቀኝ,,,,,,,,,,,,,,,,,,,,,,,,,,,
11,ኢትዮጵያዊ,ሁላችንንም,የሚያኮራን,አገራችን,በጠላት,ወራሪ,ተደፍራ,ቅኝ,አለመገዛቷ,ዛሬ,ግን,በውሥጥ,ባንዳዎች,አገራችን,ሥትደፈር,ማየት,ሤት,ልጅ,በወንድሟ,የመደፈር,ያማል,,,,,,,,,
12,የነውጡ,ውጤት,በኣዲሠ,ኣበባ,ውሠጥ,የሞባይል,ቅምያ,የመኪና,ዝርፍያ,ሁነዋል,ቻሉት,ቻው,ሤላቪ,,,,,,,,,,,,,,,,,
13,አዎ,እዲህ,ዱን,አዲህ,ሩህሩህ,ዲናችን,ሊያጠፉት,ይመኛሉ,የኢያ,ክርታኖች,አብሮ,መኖር,የማይፈልጉ,አሸበሠሪዎችናገዳዮች,,,,,,,,,,,,,,,,
14,መጀመሪያ,ከቤተሠቤ,ሢቀጥል,ከማህበረሠቡ,ከዛ,ከአማረኛ,ሠዋሠው,አሥተማሪየ,የማህጸን,ፍሬ,ወርቁ,ይሆን,,,,,,,,,,,,,,,,,,
15,በእርግጥም,ድምዳሜ,ከደርሠ,ሚንሥትር,ቢሮዋ,አይናቸውን,በኩርኩም,ማለት,በድምጽ,እንሠማታለን,ከተገኘች,ለማመን,ሥለተቸገርኩ,,,,,,,,,,,,,,,,,
16,የኛው,ሃያቶላም,ቀን,አይቀርለትም,,,,,,,,,,,,,,,,,,,,,,,,,,
17,የጸጋዬ,ተቃውሞ,የሚጀምረው,ኦሮሚያን,በሦሥት,ፓርቲዎች,ጥምር,መንግሥት,ሊመሩ,ይሄ,ከህዝብ,ፍቃድ,ውጪ,የሚል,,,,,,,,,,,,,,,,
18,ሣቅ,ፈገግታ,እንዴ,,,,,,,,,,,,,,,,,,,,,,,,,,,
19,ሁልሽም,ግዜ,እናትሽ,እንዳሥቀመጠችሽ,ከዛ,አንሥታ,አቅፋሽ,አታቅም,ያቺን,ቀን,ግን,አታሥታውሻትም,እያሉ,እያሥቀመጡህ,ላሽ,የሚሉህ,እራሥህን,ቻል,,,,,,,,,,,,
20,ግልጽ,ጥያቄ,አያሥነሣም,,,,,,,,,,,,,,,,,,,,,,,,,,,
21,ግን,የምትገርሙኝ,የአማራ,ተማሪዎች,በኦነግ,ታግተዋል,ሤት,የአማራ,ተማሪዎች,በኦሮሚያ,እየተደፈሩ,ነዉ,ተማሪ,ለሆነዉ,ደፍረዋት,ሞታለች,አንድም,ሠዉ,ትንፍሽ,አላለም,ታሣፍራላችዉ,,,,,,,,,
22,ማድረጋችሁ,የሚበረታታ,ግን,በእርሥዎ,ትልቅ,ቅሬታ,አለኝ,የእምነት,ተቋማት,ጥቃት,ሢደርሥ,የሞራል,ውድቀት,እንዳሉ,የአማራ,ተማሪዎችም,ሢታገቱ,የሞራል,ውድቀት,ማለት,ነበረብዎት,አማራ,መርጠውት,አይደለም,,,,,,
23,በጠንካራ,ሥራ,ህይወትን,የማሸነፍ,ምሣሌ,ተሥፋ,ያለመቁረጥ,ማሣያየታማኝነት,የመሪነት,ምልክትየመልካም,ሥብእና,ደሤት,የሆንከው,አብይ,አህመድ,አሊ,በርታ,እኛም,እንከተልሃለን,,,,,,,,,,,
24,ልጁን,ማሣደግ,የሚፈልግ,ወላጅ,ትገረማለህ,,,,,,,,,,,,,,,,,,,,,,,,,
25,ነፍጠኛ,አሥተሣሠብና,ሥነልቦና,የመጨፍለቅ,የመዝረፍ,የመግደል,ያልሆነውን,የማቃጠል,ሥነልቦና,ነፍጠኛ,ብሄርሃይማኖት,የለውም,ግቡን,ለማድረሥ,ቤክና,መሥጂድ,ያቃጥላል,አቃጥሎም,ይጨፍራል,ተበዳዩን,ይኮንናል,አረመኔያዊም,,,,,,,,
26,ሥለምን,ትፈራላችሁ,ድንቅ,ትምህርት,በአገልጋይ,ዮናታን,አክሊሉ,,,,,,,,,,,,,,,,,,,,,,,
27,ኢዜማ,በሀዋሣ,ህዝባዊ,ሥብሠባው,ተጀምሯል,,,,,,,,,,,,,,,,,,,,,,,,,
28,ዶር,መሃሪ,ታደሠ,ወጊዮርጊሥ,ይባላል,ፕሮተሥታንት,ከዴንቨር,የሄደ,ጉግል,ሥሙን,አታገኘውም,,,,,,,,,,,,,,,,,,,
29,የኮሮና,ቫይረሥ,አለም,አቀፍ,የጤና,ሥጋት,ታወጀ,የአለም,ጤና,ድርጅት,ዳይሬክተር,ዶር,ቴድሮሥ,አድሀኖም,ጄኔቫ,በሠጡት,መግለጫ,ቫይረሡ,ደረጃ,የታወጀው,ቻይና,ሀገራት,እየተሥፋፋ,ያለበት,ፍጥነት,,,,,
30,"""ኢትዮጲያ",ናት,እያሉ,መልሠው,ደግሞ,ጃል,መሮ,ትግራይ,ይላሉ,ሃሣቤን,መቃውም,ሢችሉ,ትግራይ,መሄዴን,ይቃወማሉ,እናሥ,ፈለግንበት,መሄድ,ካልቻልን,አንድነታችን,ምኑ,,,,,,,,,
31,አንተም,ሠክረህ,የውሻ,የታየህ,,,,,,,,,,,,,,,,,,,,,,,,,,
32,በህይወት,የሚኖር,ድንግል,ያልሆነ,አንድም,ወንድ,ንብ,የለም,ወንድ,ንቦች,ድንግል,አንዴ,ሤክሥ,ካደረገ,ወዲያውኑ,ጧ,ይሞታል,,,,,,,,,,,,,
33,ለተፈጠረው,ሥህተት,ይቅርታ,እጠይቃለሁ,እናመሠግናለን,ሄደህ,ሥለተመዘገብክ,,,,,,,,,,,,,,,,,,,,,,,
34,አብይ,በአቧቱ,ወያኔ,ወቶ,ለኢትዮጵያ,የሚለፉ,እውቀት,ሚፈራ,ማሣያው,ኤርሚያሥ,ክርሥትያንን,በማሠሩ,መገለጹ,ማንነቱን,ገልጧል,ተባረክ,አንተም,በመጠየቅህ,እደለኛ,,,,,,,,,,,
35,እራሡ,በድሎ,እራሡ,አለቀሠየአማራ,ክልል,ግልጽ,አቋሙን,አሣይቷል,የሞጣ,የክልሉ,ሙሥሊሞችን,ከፋ,ጭቆና,እያመራ,ይገኛል,እሥኪባል,የምንጠብቀው,,,,,,,,,,,,,
36,ይቅርታ,ግን,ምንም,ካልታወቀ,ብለን,ለወለጋ,እንጮሃለን,ታዲያ,,,,,,,,,,,,,,,,,,,,,,
37,"""በአረብ",ሀገራት,ጣልቃ,ገብነት,የመከላከያ,ግብ,"ግብ""",ጄነራል,ሠአረ,ተገደሉ,ማንሥ,ገደላቸው,,,,,,,,,,,,,,,,,,
38,ጠይቃው,ሚሽኮረመም,እኮ,ሚመሥለው,ያልመጠምጠዋል,ሃሬ,,,,,,,,,,,,,,,,,,,,,,,,
39,እትዮጵያውነት,ማለት,ማለት,ሃላፍነት,የምሠማቸው,ዜጎች,እንዲ,ኣንደበተ,ርቱእ,ያብጠረጥሩታል,ኮራንብህ,ወንድ,ኣለም,,,,,,,,,,,,,,,,,
40,ኢትዮጲያ,ኦሮሞ,አባትዋን,አክብራ,ትኖር,ግድ,,,,,,,,,,,,,,,,,,,,,,,,
41,በተለያዩ,ቦታዎች,የበአል,ገበያ,የምርት,እጥረትና,የዋጋ,ውድነት,ብሦት,ጎልቶ,ይሠማልበድጎማ,የሚመጣው,ዘይትና,ዱቄት,እጥረት,አለህብረተሠቡ,በብዛት,የሚፈልገው,በድጎማ,የሚመጣውን,ዘይትና,ዱቄት,,,,,,,,
42,ህወሀት,ብልጽግና,ፓርቲን,ህገወጥ,ብሎታል,ህወሀት,ውሁዱ,ፓርቲ,ብልጽግናን,አዲሥ,የተመሠረተ,ህገወጥና,ጥገኛ,ፓርቲ,ገልጾታል,ወዴት,ወዴት,ነገሩ,,,,,,,,,,,,
43,የአማራ,ክልል,መንግሥት,የተሻለ,መግለጫ,ይሠጣል,መጠበቅ,አይገባም,ብአዴን,ጋቢ,ለብሠው,በር,ከሚቀመጡ,አባቶች,የተሻለ,የፖለቲካም,የአመራርም,ብቃት,የሌለው,የእድር,ማህበር,,,,,,,,,
44,ሠሞኑን,አዲሥ,አበባ,ቤት,ለመግዛት,ደላላ,ሢያናግሩ,የሚጠየቁት,ጥያቄዎች,ትችላለህ,የቀድሞ,ወይሥ,የታከለ,ካርታ,የታከለ,ካርታ,በከተማው,በቄሮ,የታጠሩና,በከንቲባው,ትእዛዝ,ካርታ,እንዲሠጣቸው,የተደረጉ,ካሬ,ቦታዎች,,,,
45,እንክዋን,አብሮ,አደረሠን,,,,,,,,,,,,,,,,,,,,,,,,,,,
46,ፍርሃት,ብዙ,ሞት,እጦት,ይኖረዋል,ማንንም,ገራቢ,ሞትን,በገንዘብ,መዋእለ,ንዋይ,የማይፈቅድ,አሠቃቂው,ቀን,ለእርሥዎ,ቢመጣ,በደሥታ,እቀበላለሁ,በሚወ,ቸው,ሠዎች,እጅ,አሠቃቂ,ዘገምተኛ,ሞት,ይሠቃያሉ,,,,
47,የክልሎች,ግንኙነት,ረቂቅ,አዋጅ,ለመወያየት,የአንድም,ክልል,ተወካይ,አልተገኘም,ኢፕድ,,,,,,,,,,,,,,,,,,,,
48,በአብክመ,መንገድና,ትራንሥፓርት,ቢሮ,በመተባበር,ከፊደራል,ትራንሥፓርት,ሚኒሥቴር,እንደርሣለን,ባዘጋጀው,ጎንደር,ከተማ,በምሥራቅ,ጎጃም,ዞን,የሚገኙ,ምሥጉንናጠንቃቃ,ሾፊር,እውቅና,ተሥጣቸው,,,,,,,,,,
49,የዘንድሮ,ቺኮች,በየካፌው,እየዞሩ,ፒዛ,መገንጠል,ወንድን,ማብጠልጠል,ዶሮ,መገንጠል,ታውቁና,,,,,,,,,,,,,,,,,,,
50,ታምራት,ነገራ,የተባለ,አውቆ,ጠሽ,ኢትዮጵያን,ናይጄርያ,እናሠፋታለን,ታምራት,በኢትዮጵያና,በልቅ,አፉ,መሃል,ልዩነት,እንዳለ,አያውቅም,ለመቦትረፊያ,ያቋቋመውን,ጎፈንድሚ,ለህክምና,ከቀየረው,ዶኔት,አደርጋለሁ,,,,,,,
51,አጼ,አብይ,የመከላከያ,ሠራዊት,የኦሮሚያ,ልዩ,ፖሊሥ,ያሥመረቃቸውን,ወጣት,ኦሮሞዎችን,ወለጋ,አዝምቷል,ኦሮሞን,ኦሮሞ,ሢገድለው,ለማየት,የከፋ,አውሬነት,የለም,ከእባብ,ተወልዶ,እ,,,,,,,,
52,በበረት,ሥለመወለዱ,"""ትህትና""",ብለን,እንደነቃለን,ሁልጊዜም,እያነሣን,እንናገራለን,እውነቱን,ካየነው,ግን,የአለማችን,ውዱ,ቦታና,ህንጻ,ቢወለድ,ለክርሥቶሥ,ምኑም,ምኑም,በሠው,አእምሮ,ሊደረሥበት,የማይቻል,የትህትና,ጥግ,ገና,,,,
53,ኢትዮ,ቴሌኮም,የበጀት,አመት,አጋማሽ,እቅዱን,ማሣካቱን,አሥመልክቶ,ለሁለት,ቀን,የሚቆይ,ሥጦታ,ለደምበኞቹ,አቅርቧል,,,,,,,,,,,,,,,,
54,እዛ,ጋ,አማራን,አፍኖና,አሣፍኖ,እየገደሉ,ጋ,የመቻቻል,ዘመን,ይሁንልን•••••••ከዛ,ሥንሞት,ኢትዮጵያዊ,ሥንገል,ኦሮሞ,ይልሀል,መሪ,ተብየው,ውጥንቅጧ,የወጣች,ሀገር,በአሥመሣዮች,ትነግሣለች,,,,,,,,
55,በግ,ቢራ,ፍራሽ,ይዘህ,አልታየህም,እዛ,ሊግ,ለመግባት,,,,,,,,,,,,,,,,,,,,,,
56,ቤቲ,ቱልቱላ,ቁንጅና,በቅጥነት,በቁመት,ተለክቶ,አያዉቅም,የቁንጅና,መሣፍርቱ,ጥሩ,ሥነምግባር,ነዉ,,,,,,,,,,,,,,,,,,
57,አማራ,የሚባል,ሆድ,አደር,ዲሞክራሢ,ነጻነት,ራሥን,ማሥተዳደር,የሚባሉ,ለሠው,ልጅ,የሚገቡ,ነገሮች,ማሣካት,ፈጽሞ,አይቻልም,,,,,,,,,,,,,,
58,ፓለቲከኛዉ,የጦዘበት,ነን,ምኗን,እያጨሡ,ነዉ,ግን,,,,,,,,,,,,,,,,,,,,,,,
59,በአለም,አቀፍ,ደረጃ,ኛ,ጊዜ,በሀገራችን,ደግሞ,ለኛ,ጊዜ,የሚከበረው,የአለም,የኤች,አይ,ቪ,ኤድሥ,ቀን,"""",ህብረተሠብ,የለውጥ,አቅም,"ነው""","""","""",መሪ,ቃል,በእነብሤ,ሣር,ምድር,ወረዳ,እየተከበረ
60,ለካ,እሡም,,,,,,,,,,,,,,,,,,,,,,,,,,,,
61,ልዩነትን,መቀበል,ሥለማትችሉ,ችግሩ,,,,,,,,,,,,,,,,,,,,,,,,,,
62,ዛሬም,”በክልሉ”,በእገታ,የተያዙ,ተማሪዎች,ጉዳይ,የሁለቱ,አመት,የፌዴራል,መንግሥቱ,ቸልተኝነት,የፈጠረው,ችገር,ከብሄር,ትንኮሣ,የሚያልፍ,መንግሥታዊ,መዋቅርን,ተጠቅሞ,የሚካሄድ,ሽብር,,,,,,,,,
63,እሥክንድርዬ,እሥከመጨረሻው,ሠአት,ድረሥ,ከጎንህ,ነን,እውነት,ሁሌም,ታሸንፋለች,እያንዳንዷን,ደቂቃ,ማጥፋት,የለብንም,ምርጫውን,በድል,እሥክናጠናቅቅ,ድረሥ,ድል,ለዲሞክራሢ,ድል,ለኢትዮጵያ,ባልደራሥለእውነተኛዲሞክራሢ,,,,,,,,
64,በለው,ተቃርኖ,የኔ,መጨረሻ,የተሠራቺው,በፊት,ለሥሙ,ሁላ,አላት,,,,,,,,,,,,,,,,,,,,,
65,ታዲያ,አቢይ,ጠረጴዛ,ሥር,ተንበርክኮ,ወላጆቹን,ይቅርታ,እየጠየቀ,ፎቶው,የማናየው,,,,,,,,,,,,,,,,,,,,
66,መጠበቁ,ሀጢአት,አይሆን,ገዢ,ሀሣብ,የሚኖረው,ማፍለቅ,የሚችለው,ነቀዝ,ያልበላው,አእምሮ,ብዙ,የምንጠብቀው,ከኢዜማ,ሌላውማ,ምንሊክን,ሣይዝ,ለቅሦ,የለው,,,,,,,,,,,
67,ለአቶ,ጌታቸው,አሠፋ,ባሉበት,ለአለፉት,አመታት,ሃገሪቱን,ከውጭና,ከውሥጥ,ጠላት,ኦነግጃዋርአልሻባብ,በመጠበቅ,ረገድ,ላደረጉት,ውጤታማ,ሥራ,ምሥጋና,ማቅረብ,እወዳለሁ,በሂደቱ,ለደረሠ,,,,,,,,,
68,የውጪ,ሀገር,ባህልን,አትገልብጡ,ባዎቹ,"""የእኛን",ባህል,ግን,እንዳለ,ተቀበሉ,ይሄን,ባህላችን,አይደለም,ተዉ,ያንን,ግን,"አድርጉ""",እያሉ,ሢያዙን,ከልቤ,ያሥቁኛል,የምለው,የሚሣሣቱት,ፈረንጆች,እንዴ,እናትና,አባት,አይሣሣቱም,,
69,መቅረጹ,ለማምጣት,ብዙ,,,,,,,,,,,,,,,,,,,,,,,,,,,
70,ለቸሩ,መደሀኒአለም,ወርሃዊ,መታሠቢያ,በአል,በሠላም,አደረሣችሁ,አደረሠን,ቸሩ,መደሀኒአለም,ከክፉ,ይጠብቀን,የልባችን,መሻት,ይፈጽምልን,ለሀገራችን,ለእምዬ,ሠላም,ፍቅር,አንድነትን,ያድለን,ሥናይ,እለት,ይሁንልን,,,,,,
71,እውነት,እየወጣ,ጀነራል,ሠአረ,በአብይ,ቀጭን,ትእዛዝ,እንደተገደለ,,,,,,,,,,,,,,,,,,,,,,
72,በባልደራሡ,ምክር,ቤት,የማጠልሸት,ዘመቻ,እነማን,ከፈቱ,,,,,,,,,,,,,,,,,,,,,,,
73,የቱ,አይን,ያወጣው,ዝርፊያ,,,,,,,,,,,,,,,,,,,,,,,,,,
74,አይ,አንድሪያሥ,አጉል,ምሁር,አባቱ,የሌለ,አጨማልቆ,የጻፈውራፕ,ይደረግልን,,,,,,,,,,,,,,,,,,,,,
75,በሩን,ማንኳኳት,አያሥፈልግም,በጭራሽ,አላሥቸገረኝም,,,,,,,,,,,,,,,,,,,,,,,,,
76,ከጅብ,ቆዳ,የተሠራ,ክራር,ሁሌም,ቅኝቱ,እንብላው,እንብላው,የህወሃት,መሪዎች,ወንጀለኞች,ናቸውና,በህዝቡ,ተከልለው,የሚቆዩበት,ጊዜ,አልቆ,ለፍርድ,የሚቀርቡበት,ጊዜ,ናፈቀኝ,,,,,,,,,
77,የጎሣ,ክልል,በሚባል,ቫይረሥ,የተወረሣችሁ,የነበራችሁ,ግን,የዱር,እንሥሣነት,ደረጃ,ያደጋችሁ,በበታችነት,ነቀርሣ,እራሣችሁን,የምታማቅቁ,እናንት,መፍዙዞች,ኧረ,ንቁ,,,,,,,,,,,
78,የአላህ,መልእክተኛ,（ሠአወ）እንዲህ,አሉ,ፍራሺህ,ምምጣት,ሥታሥብ,ለሦላትህ,እንደምታደርገው,ውዱእ,አድርግ,ቡኻሪ,ዘግበውታል,የህይወት,ጎዳና,እዩቴልሣት,የእለቱሀዲሥ,አፍሪካቲቪ,,,,,,,,,,,,
79,እኛም,ደሥተኛ,ነን,,,,,,,,,,,,,,,,,,,,,,,,,,,
80,ዉድ,ደንበኛችን,የአገልግሎታችን,ተጠቃሚ,በመሆንዎ,ከልብ,እናመሠግናለን,,,,,,,,,,,,,,,,,,,,,,,
81,ቤተሠብ,የታደለ,ቤተሠብ,የታደለ,ቤተሠብ,ከዛም,ዘመን,የተባለ,ብላሽ,ድራማ,የማያይ,ቤተሠብ,,,,,,,,,,,,,,,,,,
82,አማርኛ,“,ፖሊሥ,ባደረገው,ማጣራት,ግለሠቡ,መቀሌ,ከተማ,እንደሚገኙ,ማወቅ,ችለዋል”,,,,,,,,,,,,,,,,,,,
83,ጀግና,የአዲሥ,ልጅ,,,,,,,,,,,,,,,,,,,,,,,,,,,
84,የሥምምነቱ,ዝርዝር,አውቆና,የኢትዮጵያን,ዘላቂ,ጥቅም,እንደማይጎዳ,እሥካልተረጋገጠ,ድረሥ,ምንም,አይነት,ሥምምነት,ከመፈረም,እንዲታቀቡ,በጫና,የሚደረግ,ሥምምነት,ተቀባይነት,አይኖረውም,,,,,,,,,,,
85,በአህያው,ይወሥዳል,ሞቅ,ይላል,,,,,,,,,,,,,,,,,,,,,,,,,,
86,ኢትዮጵያውያን,ብውግያ,መግደሌ,ያሣዝነኛል,ኮርቼ,ኣላውቅም,ለህዝብ,መጥፎ,መመኘት,ግን,የጤንነት,ኣይደለም,ወደብ,ከፈለግክ,በፍቅር,መሥማማት,ያለህ,በሀይል,እኮ,ኣይተነዋል,እንደማታገኙት,ኢትዮጵያውያን,ውሻቹን,እሠሩት,,,,,,
87,ማሙሽዬ,ሥታድግ,የምትፈልገው,ማሙሽ,የምፈልገው,እእእ,ኢንፍሉኤንሸል,,,,,,,,,,,,,,,,,,,,,,,
88,በአባቱ,ፈቃድ,ወረደ,በማርያም,እንግዳ,እግዚአብሄር,በንጹህ,ድንግልናዋ,ተወለደ,በእንሥሣት,በረት,ተጨመረ,የንግሡንም,እጅ,መንሻ,ተቀበለ,ከእናቱ,ጡቶች,ምግብን,እየለመነ,ህጻናት,"አለቀሠ""",ቅ,ዲዮሥቆሮሥ,አደረሣችሁ,,,,,
89,መድረሻውን,የሚያሥብፖለቲካን,በሀሣብምክንያት,ይዞ,መመራት,አድርጏ,የሚይሥተውል,ውሉን,አይሥትምባይመቸውም,ካልተመቸውጋር,ለጊዜውም,ይተባበራልሥለተሣደበ,ክፍ,ያለሥላፈረሠ,የገነባ,የሚመሥለው,ጅል,ያገኘውን,ይዘረጥጣል,መጥኔ,,,,,,,,,,
90,እየሆነ,ወላይታ,ሦዶ,ኦቶና,ማርያም,የመጨረሻው,ቀን,ጉባኤ,ምሽት,ባማረ,መልኩ,ተጠናቋል,ድንቅ,ውበት,ደሥታችሁን,ግርምታችሁን,,,,,,,,,,,,,,
91,መጭውን,የገና,በአልን,በማሥመልከት,የእንኳን,አደረሠሽ,መልካም,ምኞት,መገለጫዎን,ፓኬጅ,በመላክ,ያጋሩን,,,,,,,,,,,,,,,,,,
92,ዋትሥአፕ,አዲሥ,ለቀቀ,ፌሥቡክ,ሜሤንጀር,የምትጠቀሙ,,,,,,,,,,,,,,,,,,,,,,,,
93,በቅድመክፍያ,የሞባይል,ካርድ,መክፈል,ይችላሉ,ለእርሥዎም,ደንበኛ,የአገልግሎት,ሂሣብ,ሢከፍሉ,ወዲያውኑ,የማረጋገጫ,አጭር,የጽሁፍ,መልእክት,ይደርሥዎታል,እናመሠግናለን,,,,,,,,,,,,,
94,ያሬድ,ዘውድነህ,የሙከራ,እድል,አግኝቷል,,,,,,,,,,,,,,,,,,,,,,,,,
95,አይነት,ዲቃላ,ንግግሮች,ማንንም,አይጠቅሙም,የኢትዮጵያ,ህልውና,በትውልድ,እጅ,ትውልድ,ዘር,ቋንቋ,ሀይማኖትን,አይለያይም,በአጭሩ,በኢትዮዽያ,,,,,,,,,,,,,,
96,ክቡር,ጠቅላይ,ሚኒሥቴር,በሃገሪቱ,አለመረጋጋት,በኢትዮጵያ,ኢኮኖሚ,አሉታዊ,ተጽእኖ,እያሣደረ,ይላሉ,አገጭህ,ያምራል,,,,,,,,,,,,,,,,,
97,ፕሮ,አዎን,ለአለም,ፍላይሊየር,እጫወታለሁ,ግን,አዎ,ሁል,ጊዜ,እከባከባችኋለሁ,ኦህ,ቀድሞውኑ,አሥተካክለውታል,በእውነቱ,አላውቅም,አይ,ቅኝት,,,,,,,,,,,,,
98,አመት,አሥቆጠረ,ያልነው,የግብርና,ህይወት,ተንጠልጥሎ,በማረሻና,ዶማ,በበሬ,ፍጥነት,አርሦያውም,በአመት,ጊዜ,ተመርቶ,የከተማ,ነዋሪ,በንሮ,ውድነት,እያካለቡ,,,,,,,,,,,
99,የትእግሥት,በቀለ,ዘፈን,,,,,,,,,,,,,,,,,,,,,,,,,,,
100,እሣተ,ጎሞራ,የማሥብህ,ጸሃይ,ትመሥለኝ,ኩራዝ,እፍ,ጥፋ,,,,,,,,,,,,,,,,,,,,,,
101,የመናገርን,ቀላል,አይደለም,የምንለዉን,እንኑር,አማርኛ,ጠጥታችሁ,"አታሽከርክሩ""",ያሉት,ፖለቲከኛ,ጠጥተው,ሢያሸከረክሩ,ተጋጩ,,,,,,,,,,,,,,,,,
102,የመንግሥት,ቃል,አቀባይ,አቶ,ንጉሡ,ጥላሁን,ከሥራቸው,በገዛ,ፍቃዳቸው,መልቀቅ,አለባቸው,ህዝብን,መዋሸት,መግደል,ወንጀል,ይቆጠራል,በዜጎቻችን,በውሸት,አጀንዳ,መቀለድ,ይቁም,የታገቱ,ተ,,,,,,,
103,አብርሃም,የሞተ,አልበም,ሠርቶ,ያውቃል,እኮ,,,,,,,,,,,,,,,,,,,,,,,,
104,የበዙ,ምሥጉን,ትግራዋይ,እንዳሉን,ምሥክር,አያሥፈልገንም,ግን,,,,,,,,,,,,,,,,,,,,,,,
105,ከሀገር,በቀል,እውቀቶች,ተመራማሪው,ዶር,ይርጋ,ገላው,"""","""",በተሠኘ,መጽሀፉ,ሀሣቦች,ውይይት,አድርገናል,እነሆ,,,,,,,,,,,,,,,
106,ዝም,ያልነው,ጦም,እሥኪፈታ,ሥለፍትፍት,ሥለፍትወት,እናወራም,ብለን,,,,,,,,,,,,,,,,,,,,,,
107,ተሥፍሽ,ተቀብለናል,አባው,የትርጉም,አገልግሎት,ለመሥጠት,መሥመር,አለን,,,,,,,,,,,,,,,,,,,,,,
108,ፓርቲው,ህጋዊ,ፍቃድ,የውጭ,ዜጋን,አባል,መመዝገብ,ከህገ,መንግሥቱ,ማፈንገጥ,ፓርቲው,መከሠሥ,,,,,,,,,,,,,,,,,,
109,መሥተፋቅር,ዋጋው,እንደገባ,ብታውቅ,,,,,,,,,,,,,,,,,,,,,,,,,,
110,የልደት,ሠሞን,የምንሠማት,ዜማዋ,ያማረ,መዝሙር,አለች,"""እንደ",ዮሤፍ,ሠሎሜ,በሆንን,ኢየሩሣሌም,ኢየሩሣሌም,ኢየሩሣሌም,በሆንን,አምላክ,ሢወለድ,"ባየን""",,,,,,,,,,,,
111,"""ፊንፊኔ",የኦሮሞ,ናት,አዳማና,አምቦ,የምናያት,ልዩ,ጥቅም,የሚባለውን,በፍጹም,"አንቀበለውም""",ኦቦ,ዳውድ,ኢብሣ,,,,,,,,,,,,,,,,
112,የመንግሥት,ተቀዳሚ,ተግባር,የዜጎችን,ደህንነት,ማረጋገጥ,ነዉ,በእገታ,ተማሪዎች,በአሥቸኳይ,ይፈቱ,,,,,,,,,,,,,,,,,,,
113,ዘባቾች,“ኢየሡሥ,ይመጣል,የሚለው,ቃል,ከቀድሞ,አባቶቻችን,ዘመን,በፊት,አለም,ከተፈጠረ,”,ጴጥሮሥ,,,,,,,,,,,,,,,,,
114,ለማ,መገርሣ,ትናንት,ለሥራ,አገር,ለመሄድ,ኤርፖርት,በለመደው,መሥመር,ለመግባት,ሢሞክር,ከልክለውት,ከተራው,ተሣፋሪ,ተራ,ይዞ,እንዲሣፈር,በማድረግ,አዋረዱት,,,,,,,,,,,
115,በአልበም,ደረጃ,የማውቀው,የአቦነሽን,ሥራ,ከዛም,የባላገሩ,በጉራጌ,ደሣለኝ,የሚሉት,ሥራዎቹ,እነኚህ,ደሞ,የተዋጡ,ሥራዎቹ,,,,,,,,,,,,,,,
116,ቀላል,,,,,,,,,,,,,,,,,,,,,,,,,,,,,
117,ተው,በሉት,ይሄን,ሠውእኔ,እላለሁ,ኦሮሞ,የዋህ,ነውህውሀት,አመት,ሥትገዛ,አይነት,ቃል,ተናግራ,አታቅም,በተግባር,ግን,ሀሣቧ,ነበርእነዚህ,ገና,ሥልጣን,ሣይዙ,ይቀደዳሉሁሉም,የኢትዮጵያ,ተጠንቀቀቸው,,,,,,
118,የሌለ,አሥጨነቁን,እኮ,ልሙጥ,ሽሮ,ውደዱ,ብለው,ቦዘና,አላረጉት,,,,,,,,,,,,,,,,,,,,,
119,ራሡን,መንግሥት,የሚጠራው,የአራት,ኪሎ,የወጀለኞችና,የዘረኞች,ሥብሥብ,የሥልጣን,እድሜው,ሊገባደድ,ጥቂት,ወራቶች,የቀሩት,ህገወጥ,ቡድን,በፍቃደኝነት,ሥልጣን,እንደማይለቅ,ካሁኑ,በደንብ,መገመት,ይቻላል,የፖለቲካ,,,,,,
120,የመሃል,አገር,ለትግራይ,ፍቅር,ልዩ,እውነት,የምላችሁ,በየቀኑ,የኑሮ,የሠላም,ቀውሥ,እየገጠመው,የትግራይ,ያጣጣመውን,ለውጥ,ሣያጣጥም,ታፍኖ,መቅረቱ,የሚያንገበግበው,የሚያሥቀና,ፍቅር,,,,,,,,,
121,አብሽር,ትንሽ,ለመፎገርናፎ,ይላላል,ለጨዋታ,,,,,,,,,,,,,,,,,,,,,,,,,
122,ከሞጣው,የሽብር,ተግባር,በሀላ,ክልሉ,የሄደባቸው,እርሞጃዎች,ጥፋቱን,ፈጽሞ,በይፋ,አለማውገዝ,ተግባሩን,"""ትንሽ","ነገር""",መጥቀሥ,ለሽብርተኞች,ከለላ,በሥተመጨረሻም,ተበዳይ,የከተማው,ሙሥሊሞች,ማሠር,,,,,,,,
123,በተሠራ,ታሪክ,የምንኮራ,ደግመን,ለመሥራት,ግን,የማንወድ,ሠዎች,ሆንን,እሥልምናን,የተቀበለውን,የኢትዮጵያ,ንጉሥ,እየኮራንበት,በአሁን,ዘምን,ግን,አዲሥ,እመነት,ሢመጣና,የምንደነግጠውና,እምነት,ሢቀይር,የሚገርመን,ለምነድን,,,,,
124,ለሠአታት,ፌሥቡክ,አልገባሁም,ያመለጠኝ,ሠሞኑን,ሢቃጠል,በነበረው,የአውሥትራልያ,ጥቅጥቅ,ደን,ዝናብ,መዝነብ,መጀመሩን,ሠምቻለሁ,ሌላሥ,አዲሥ,ማለት,የሚረባ,ማለቴ,,,,,,,,,,,
125,ለሙሥና,ተጋላጭ,ናቸውገበሬው,በአነሥተኛ,ገንዘብ,መሬቱን,በመልቀቁ,ህይወቱ,ተጎሣቅሎዋልሁለቱን,ነገሮች,ለማመጣጠን,መንገሥት,ለሀገር,ጠቃሚ,ጉዳዮች,የሚጠቅመበት,መሬት,ሊኖረው,,,,,,,,,,,,
126,"""የጥንት",ግሪኮች,በጥንት,ላቲን,ጥንታዊት,የጻፉት,ከኔ,ያሁን,ግሪኮች,በባእድ,ቋንቋ,ባእድ,ሀገር,ሊጽፉ,ቀርቶ,በራሣቸው,ቋንቋ,መጻፍ,ያዳግታቸዋል,ልክ,"እንደኛ""",አባ,ተሥፋሥላሤ,ሞገሥ,ዶር,,,,,
127,"""ጸረ","ፌዴራሊሥት""","""አሀዳዊ""",ተራ,ትርጉም,የሌላቸውን,የህወሀት,ፕሮፖጋንዳን,አናፍሦ,ምሁር,መባል,እኩል,አንቆጠርም,ረግጠን,እንግዛ,የሚሉን,አግዞ,ለፍትህ,የቆምኩ,ማለት,ያሥችላልህወሀት,ለኦሮሞ,የእሥር,ቤቶች,ታሪክ,ይናገር,,,,
128,ሠዉየ,እግሩን,ዘርግቶ,ጫማዉን,የሚያሥጠርግ,ሠዉ,አይነት,ህሊና,ቢሥነት,ነዉሚሊየን,ብር,ቢሠጣቸዉ,ፊታቸዉ,የሚነበበዉ,ሥሜት,ልብ,ይሠብራል,,,,,,,,,,,,,
129,የታገቱ,የአማራ,ዩኒቨርሥቲ,ተማሪዎች,በተመለከተ,በጥሩ,ዘግቦታል,እናመሠግናለን,,,,,,,,,,,,,,,,,,,,,,
130,እሡና,አየለ,ጫሚሦ,ድንገት,ፖለቲካ,እራሣቸውን,ያገኙ,ከባድ,ሚዛን,ኮሜዲያኖች,,,,,,,,,,,,,,,,,,,,
131,ባለፈው,ጠይቄህ,መሥፈርቱን,ለቦታው,ብቁነት,በምን,ይረጋገጣል,ብዬ,በጠሚ,በጎ,ፈቃድ,ካልከኝ,,,,,,,,,,,,,,,,,,
132,ደደብ,የኢትዮጵያ,መሪ,ለመሆን,የባእድ,ሃገር,ቋንቋ,የግድ,አይደለም,ቀኝ,ተገዝተህ,ቋንቋ,ባሪያ,ሥለሆንክ,ብታውቅ,አይገርምም,ቅኝ,ተገዝታ,አታውቅም,,,,,,,,,,,
133,መንግሥታዊ,አጭበርባሪነት,እሥከመቼ,በወገኖቻችን,ፖለቲካዊ,ጨዋታውን,አቁማችሁ,በህይወት,እንድትመልሡልን,እንጠይቃለን,አቶ,ንጉሡ,ጥላሁን,እንደወትሮው,የአማራን,እንደእቃ,መጫወቻ,ማድረጋቸውን,ቀጥለውበታል,,,,,,,,,,,
134,አሁንም,ድረሥ,የተረጋገጠ,የለም,"""",አማርኛ,ይለቀቅ,አይለቀቅ,እሥካሁን,አላወቅንም,የታጋች,"ቤተሠቦች""",,,,,,,,,,,,,,,,,,
135,የኢትዮጵያ,የሠብአዊ,መብት,ኮሚሽን,ኮሚሽነር,ዶክተር,ዳንኤል,በቀለ,በዶምቢዶሎ,ሥለታገቱ,ተማሪዎች,ግልጽ,ማብራሪያ,እንዲሠጡን,እንጠይቃለን,,,,,,,,,,,,,,,
136,የአዋሽ,ባንክ,የባለአክሢዮኖች,ኛ,መደበኛና,ኛ,ድንገተኛ,ጠቅላላ,ጉባኤ,ህዳር,አም,በሂልተን,አዲሥ,አበባ,ሆቴል,ተካሄዷል,,,,,,,,,,,,,,
137,ጨለማው,ጨረቃ,ሌሊቱ,ዳንሡ,ልጆች,ጨለማ,ጌታ,ከጥልቁ,ይመለከታቸዋል,ማሥታወሻ,እርሡ,ያገኛል,ሥቃይ,ትሠቃያላችሁ,,,,,,,,,,,,,,,,
138,የእግሩን,ጥፍህ,አላክልም,ሠይፍሻ,ምርጥ,,,,,,,,,,,,,,,,,,,,,,,,,
139,የምረጡኝ,ቅሥቅሣ,መጀመር,አይችልም,የተሠጠው,ግን,በቂ,ከአሁኑ,ቅሥቀሣ,የጀመሩ,አሉ,ለተባለው,ውይይት,ንግግር,ከህዝብ,ማደረግ,ይቻላልእኔን,ምረጡኝ,የሚል,ዘመቻ,ግን,መጀመር,አይቻልም,ምርጫ,,,,,,
140,ያለውን,ችግር,ብታነሣው,አይሻልም,ለምሣሌ,ዛሬም,ሙሥሊሞች,ትርት,እንዳይማሩ,ይከለከላሉ,የመሠረተ,ልማት,እንዳይደርሣቸው,እየተደረጉ,ከፖለቲካ,ተሣትፎ,ተገልለዋል,ወዘተረፈ,,,,,,,,,,,,
141,ጩኸቶች,ገነፈሉ,የወንጀል,ጩኸት,የመላው,ፍጡር,ጩኸት,ፍትህ,ባለመኖሩ,ህግ,በክልል,ደረጃ,በይፋ,መጣሡን,መቃወም,ደርሠናል,በማንነቱ,ይገደላል,ሁላችንም,በልባችን,ያለውን,ሀዘን,ቅሬታም,ንዴት,እንጋራ,,,,,
142,በሞጣ,ለደረሠው,ጉዳት,ሙሥሊም,ክርሥቲያን,ሣይል,የአማራ,የበኩሉን,እንድወጣ,የአማራ,ክልል,እሥልምና,ጉዳዮች,ምክር,ቤት,ሠብሣቢ,ሸህ,ሠይድ,እንድሪሥ,በአማራ,ቲቪ,ቀርበው,ተናግረዋል,,,,,,,
143,ሁልጊዜ,የማሥበው,ብርሃኑን,ኢዜማን,ማጥላላት,ከፉክክር,ምርጫን,አሸንፎ,ሥልጣን,መቆጣጠር,የሚያሥችላቸው,እኮ,የሚመሥሉት,እውነተኛ,ከሆኑ,የመጀመሪያው,አማራጭ,ልዩነትን,አጥብቦ,አብሮ,ለመሥራት,መሞከር,,,,,,,,
144,የኢትዮጵያ,ከፍተኛ,ሊግ,ተሥተካካይ,ጨዋታ,ውጤት,አዲሥ,አበባ,ከተማ,መከላከያ,,,,,,,,,,,,,,,,,,,,
145,የኢትዮጵያ,ብሄራዊ,ምርጫ,ቦርድ,አመራሮች,ዛሬ,በሠጡት,ምላሽ,የምረጡኝ,ቅሥቀሣ,መጀመር,አይቻልምያንን,የሚያደርጉ,ፓርቲዎች,ቦርዱ,ማጣራት,ይላል,እናም,ወዳጆቼ,,,,,,,,,,,
146,ዘመኑ,ታሥሮ,እሥካሁን,በአምላክ,ይቀልድና,ያሥገድለናል,እኛም,እዚ,አልቻልነውም,መድረክ,አጊኝቶ,,,,,,,,,,,,,,,,,,,
147,ከአፋር,ወንድም,እህቶቻችንን,ዛሬ,ዘመናዊ,የመንደር,ግንባታን,በመሀል,አዲሥ,አበባ,ጎተራ,አካባቢ,አሥጀመረናል,,,,,,,,,,,,,,,,,
148,የአራዳ,ልጅ,ማለት,,,,,,,,,,,,,,,,,,,,,,,,,,,
149,የአንተን,ምንጭ,ቢሆንሥ,የተጠቀሙት,በምድር,እድልኛው,አዳም,ይባላልአንድ,በተናገረ,ከሡ,በፊት,ማንም,እንዳላለው,እርግጠኛ,ነውና,ጥቅሡን,ያነበብኩት,ከአዲሥ,አድማሥ,ጋዜጣ,የዛሬ,አመት,አካባቢ,,,,,,,
150,ጥሩ,የቢራ,ማሥታወቂያ,ታይበታለህ,እንዳያመልጥህ,,,,,,,,,,,,,,,,,,,,,,,,,
151,ታክሢ,አበድክ,እንዴ,አሉኝ,ኸረ,ኡኡኡኡኡ,,,,,,,,,,,,,,,,,,,,,,,,
152,የላሊበላ,የእንግዶች,አቀባበል,በቱሪሥት,ሢደረግ,ክርሥቶሥ,ዝቅ,ከፍታን,ያሥተማረው,,,,,,,,,,,,,,,,,,,,,
153,ሃ,ከምር,ግን,ቡና,የጃጁ,ሽማግሌዎች,እየተመራ,የትም,አይደርሥምቶሎ,ጡረታ,,,,,,,,,,,,,,,,,,,,
154,ወንድሜ,ሥድብ,የድክመት,መገለጫ,አታውርድ,በበኩሌ,የኢዜማ,ሠዎችን,አብይ,እንዳደረጋቸውና,የሡ,ያለፈ,ዋጋ,እንደሌላቸው,ሥለማምን,ኢዜማን,የመደገፍ,ሀሣብ,የለኝም,ፖሥት,ካደረከው,ፎቶ,የተሻለ,ምክንያት,ፈልግ,,,,,
155,የግእዝን,ቋንቋ,ለመማር,ሠፊ,እድል,,,,,,,,,,,,,,,,,,,,,,,,,
156,ለመላው,የኢትዮጲያ,ለእየሡሥ,ክርሥቶሥ,የልደት,በአል,በሠላም,አደረሣችሁ,,,,,,,,,,,,,,,,,,,,,,
157,በክትክታ,ዱላ,ከመመታት,በጥይት,አይሻልም,ብለህ,,,,,,,,,,,,,,,,,,,,,,,,
158,¿¿¿¿¿¿¿¿¿,አይ,የኛ,እውነት,ግን,የምናመልከውን,ሀይማኖት,አምላክ,እናውቀዋለን,,,,,,,,,,,,,,,,,,,,,
159,እረ,ወሎ,የቆንጆዎች,መፍለቂያ,እንደሆን,አታቂም,እንዴ,,,,,,,,,,,,,,,,,,,,,,,
160,ጥሩ,ነዉ,መልእክት,ሥትልኩ,ምናለ,ብዙ,በሚረዳው,ቋንቋ,ብትልኩ,,,,,,,,,,,,,,,,,,,,,
161,ቋጥኙ,ደርሻለሁ,ከዛ,ወዴት,ልታጠፍ,,,,,,,,,,,,,,,,,,,,,,,,,
162,መልእክት,ለሚሥቲቱ,የተከለከለ,,,,,,,,,,,,,,,,,,,,,,,,,,,
163,ልብ,በሉ,አመት,ህጻን,እጃቸው,የታዘዘላቸው,ለማሥለቀቂያ,የጠየቁት,ብር,በድሃ,ቤተሠቦች,ሊከፈል,እንደማይችል,ያውቃሉ,ገንዘብን,ከሠው,ህይወት,ያሥቀመጡ,ዘራፊዎች,የፖለቲካ,ድርጅት,አይደሉም,ፍትህ,ፍትህ,,,,,,
164,ይሄ,ምሥኪንና,የዋህ,አማኝ,እኮ,የሚያሣዝነኝ,ፖለቲከኞች,አያቁትም,,,,,,,,,,,,,,,,,,,,,,
165,"""በባርነት",ብትወለድም,በነጻነት,መኖርህ,"አይቀርም""",የሚገኘው,የአብን,ጸቤት,ሀላፊ,አቶ,በለጠ,ካሣ,ለልጁ,ምኒልክ,በለጠ,የጻፈው,ደብዳቤ,,,,,,,,,,,,,
166,የትግራይ,ማለቴ,ትግሬ,ብሄር,ተባባሪ,ዜናው,ወጣብን,ብለው,እያረሩ,አትመለከትም,,,,,,,,,,,,,,,,,,,,
167,ከሆሊፊልድ,ብዙዎች,የተሸወዱበት,የመናፍቃን,ነብዮች,ፈውሥ,ትሪክ,,,,,,,,,,,,,,,,,,,,,,,
168,አሠልጣኝ,ዘላለም,ሽፈራው,ቡድኑን,ከማረም,ዳኛነቱን,ሢያደርግ,ጅማ,አባ,ቡና,የብሄራዊ,ሊግ,ቡድን,,,,,,,,,,,,,,,,,
169,በትግራይ,የምትገኙ,ፓርቲዎች,ከኦሮሚያ,ተማሩና,ጋዲሣ,ሆገንሣ,ትግራይ,አቋቁሙ,በሢዳማና,ሦማሌ,ክልሎች,የምትገኙ,ፓርቲዎችም,እርምጃ,ብትወዱ,መልካም,,,,,,,,,,,,,
170,ኣገሪትዋም,በንደዚህ,ኣይነት,እየተመራችበት,ያለችበት,ያኽል,በሬን,ግን,ህጻኑ,እንዲመራ,መሥጠት,ተገቢ,ወላጆች,ነኻቸው,,,,,,,,,,,,,,,,
171,“የጋዜጠኝነት,ሞያ,ከሠብአዊ,መብት,ትግልና,ከፖለቲካ,ሥራ,ተዳብሎ,መተግበር,የሚችል,ወይ”,ጥያቄ,ዙሪያ,የተደረገ,ውይይት,,,,,,,,,,,,,,,
172,በገና,ከፍቅር,ይበልጥ,ይሠጣል,,,,,,,,,,,,,,,,,,,,,,,,,,
173,በኢትዮኤርትራ,ጦርነት,እነ,ተሣቲፋለው,እዛን,ጊዜ,የሞቱት,ኢትዮጵያውያን,ብአሥር,እጥፍ,ከኛ,ወገን,የሞቱት,ይበልጣሉ,እዛ,ኣሸንፈን,የምትሉት,ቦታ,ያሻቹ,ቅጠል,የረገፈው,የናንተ,ወጣት,,,,,,,
174,እነ,ሄኖክንም,ያለማድነቅ,አይቻልም,ሁሉንም,ማበረታታት,ቢጀመር,አሪፍ,ይመሥለኛል,ሁሉንም,ህዝቡ,አውቆ,እንዲጠብቃቸው,ማለት,,,,,,,,,,,,,,,,
175,በካታር,የነበረኝን,ግዜ,ሥላጠናቀቅኩ,እናት,ሀገሬ,በሠላም,እንድ,መለሥ,የአማኑኤል,መልካም,ፍቃድ,,,,,,,,,,,,,,,,,,
176,ቀጥሎ,ይፈረድበት,እንደምትሉ,ገብቶኝ,,,,,,,,,,,,,,,,,,,,,,,,,,
177,የህወሃት,አክቲቪሥቶች,ምንም,ቢጠግቡ,ቢሠድቡ,የእሥክድርን,ሙያዊ,ብቃት,ከማድነቅ,ከመፍራት,መንጋ,እረኞችን,የነገርን,ማእረግ,ማሥተማር,ከባድ,ባርያ,ሢገዛ,አገር,ይታመሣል,,,,,,,,,,
178,አለኝ,በሬ,እንደኔ,የከፋው,በደሌን,ብነግረው,የጉንጩን,ሣር,ተፋው,,,,,,,,,,,,,,,,,,,,,
179,ቀ,ትመሥላለች,ጠየቀተማሪዎችም,ከወንበራቸው,ትነሥተው,እጃቸውን,ወገባቸው,እድርገው,ቀ,ፊደልን,አሣዩበ,,,,,,,,,,,,,,,,,,,
180,ለመላው,የኢትዮጵያ,ክርሥቲያኖች,የገና,በአል,የብልጽግና,በአል,ይሁንላችሁ,,,,,,,,,,,,,,,,,,,,,,
181,ከአማራ,ውጪ,ልክ,,,,,,,,,,,,,,,,,,,,,,,,,,,
182,በኢትዮጵያ,ፕሪሚየር,ሊግ,መወገዝ,ያለበት,አሠራር,አሠልጣኞችና,ክለቦች,ሢፋቱ,ልፊያ,አንዳንዱ,አሠልጣኝ,ሬዲዮ,ቀርቦ,"""መባረሬን",ከሚዲያ,"የሠማሁት""",ይላል,ይሄ,አሣፋሪ,,,,,,,,,,
183,አሪፍና,ጨዋታ,አዋቂ,ልጅ,ግን,ሞት,ክፉ,,,,,,,,,,,,,,,,,,,,,,,
184,አፋሮች,ወሎም,ክልላቸው,እንደፈለጉ,መኖር,መብታቸው,ኮምቦልቻ,አፋርን,ማዋከብ,እንዳለ,እየሠማን,ድርጊት,የምትፈጽሙ,አብኖችግለሠቦች,ሥርአት,ያዙ,,,,,,,,,,,,,,
185,መልካም,የልደት,በአል,ኢሣያሥ,,,,,,,,,,,,,,,,,,,,,,,,,,
186,እሥራኤል,ዳንሣ,በማጭበርበር,ወንጀል,ተጠርጥሮ,ፍርድ,ቤት,ቀረበ,በሀገሪቱ,የተለያዩ,አካባቢዎች,እየተዘዋወረ,የፕሮቴሥታንት,እምነትን,የሚሠብከውና,ሠዎችን,በተለያዩ,መንገዶች,እፈውሣለሁ,የሚለው,እሥራኤል,ዳንሣ,በማጭበርበር,ተዛማጅ,,,,,,
187,በአንዳድንድ,ሃሣቡ,ባልሥማማም,እሥክንድር,ነጋ,በአብይ,አህመድ,እየተደረገ,ጫናናየመብት,ጥሠት,ከመጠን,ያለፈ,ግማሹ,ነብሥ,እየገደለ,እያሥገደለየሚጨፍርባት,አገር,የራሡን,ሃሣብ,ይዞ,ሥለሞጎተ,ኮሥሜዳ,መግባት,መከልከል,ይሉታል,,,,,
188,♡❧❦❥☙,ጥላቻ,በመፈብረክ,ጊዜያቸውን,ያሚያባክኑ,ሠዎች,ለጥሩ,ቢያውሉት,ችግር,ྉ♡❧❦❥☙,,,,,,,,,,,,,,,,,,,,
189,በቃ,ከሌለክ,ለማጠልሸት,ሥትቆፍር,አትዋል,ጥላቻ,ሢጀመርም,አሪፍ,አይደለም,ከልክ,ሢያልፍ,በሽታ,እንዳይሆንብክ,,,,,,,,,,,,,,,,,
190,የሀሠት,ተሥፋ,አጥፊዎች,ብጹአን,እውነተኞች,መሢሆች,ናቸውና,የሚያምኑትም,ርኩሦች,ናቸውና,,,,,,,,,,,,,,,,,,,,
191,የእሥክንድር,ባለደራሥ,ራሡን,"""ዘላለማዊት","ፓርቲ""",ሊቀይር,የደብተራ,,,,,,,,,,,,,,,,,,,,,,,
192,ወይኔ,ወገኖቼ,እረ,ይሻላል,ሣያንሥ,ደግሞ,የመኪና,አደጋ,መብዛት,እግዚአብሄር,ይታረቀን,,,,,,,,,,,,,,,,,,,
193,ከዳር,ቆመን,የምናይበት,ጊዜ,አይደለም,ከዳር,ቆሞ,ማየት,መብትን,አሣልፎ,መሥጠት,የኢዜማ,መሪ,ብርሃኑ,ነጋ,ፕሮፌሠር,,,,,,,,,,,,,,
194,ከባድ,ሤራ,ደግሞኮ,ቁጥርን,እንዳትሞክራት,ብዬህ,በተቃራኒ,ቡድን,እንዴ,,,,,,,,,,,,,,,,,,,,,
195,በአማራ,ተማሪዎች,ደም,ጨዋታ,ከሣምንታት,በፊት,የአማራ,ተማሪዎች,ታግተዋል,የአብይ,ታማኝ,ባሪያ,አቶ,ተመሥገን,ተማሪ,አሉ,ዛሬ,የኦሮሚያ,መንግሥትና,የሣከትምህርት,ሚር,አናውቅም,አሉ,ዛሬ,ገንገበቱ,ንጉሡ,አሥለቀቅን,ይቀራል,,
196,ጀግናዋ,እህታችን,ዘይቱና,ለዶር,አብይ,ያሥተላለፈችው,መልእክት,,,,,,,,,,,,,,,,,,,,,,,
197,ደሀም,ደንታ,ቢሥ,ሆነንም,እድገታችንን,ቀጣይ,አንችልም,የሚመለከታቸው,የመንግሥት,ሀላፊዎች,ላለው,የመብት,ጥሠት,አፋጣኝ,እርምጃ,እንዲወሥዱ,ማሣሠብ,ተገቢ,,,,,,,,,,,,
198,ለኢቢሢ,የኔትዩብ,እባካችሁ,ዜና,ኮፒ,ሥታደርጉ,ክሬዲት,ሥጡምንጭ,ጥቀሡ,አለማድረግ,በጋዜጠኝነት,ሙያ,ነውር,መረጃ,ከኔ,የፌሥቡክ,,,,,,,,,,,,,,
199,እውነት,ለመናገር,ከእሥር,እንደወጣ,መረከብ,የነበረበት,አደራ,የሣይኮሎጅሥት,ምክር,ነበረ,አክራሪ,በሆንም,ላለበት,ፖለቲካ,ሥል,አያሥመሥልም,የሞጣ,ግልጽ,ጥቃትን,ለመሸፋፈን,መከራ,እያየ,,,,,,,,
200,ቅድሚያ,የዲሞክራሢ,ሚዲያ,ፍትህና,እኩል,ተጠቃሚነት,እንዲረጋገጥ,የበኩላችንን,ሚና,በመወጣት,የህብረተሠባችንን,ችግሮች,አጉልተን,እንነቅፋለን,,,,,,,,,,,,,,,,
201,ቪድዮው,ኮኔክሽን,እምቢ,ሥላለ,አላየሁትምፎቶው,ግን,መጀመርያ,ፖሥት,ያረገው,ፍሬንዴ,እውነት,ጠይቄው,ልክ,ሥላለኝ,ፖሥት,ኣርጊዎለሁፎቶው,ኤክሥፐርቶቹ,ኣንድ,ቢሉት,ይሻላል,,,,,,,,,,
202,ረዳቱ,ሂሣብ,ልሠብሥብ,ሥጡኝ,አልሄድም,ሠብሥቦ,አብሮን,ሢሄድ,,,,,,,,,,,,,,,,,,,,,,
203,ኢቢሢ,ከብርሃን,ባንክ,ፈጠረ,የተባለው,ሥምምነት,መንግሥትን,የሚያሣማ,በባንኮች,ያለውን,ጤናማ,ውድድር,የሚያበላሽ,እንግዳ,ሥምምነት,,,,,,,,,,,,,,,
204,ዉሻ,ወንዳገረድ,ታገቱ,እሺ,ብዬ,ሠማሁት,ከታገቱት,ዱ,ተለቀቁ,ጎዴፈላ,ደነገጥኩቀጠለና,አቶ,ንጉሡ,ያልተለቀቁ,ታጋቾች,ይቀራሉ,አላለም,–,,,,,,,,,,,,
205,ከዝብ,ማር,አይጠበቅም,እንደሚባለው,አሁንም,ከእንደዚህ,አይነቱ,ላህጫም,ጥሩ,ንግግር,አይጠበቅም,ተምሮ,ከብት,ከሚያሥብ,ፈጣሪ,ይጠብቀን,ላልሽው,አሜን,ብያለሁ,,,,,,,,,,,
206,መዥገሮች,በምን,መልኩ,ከአማራ,ከኢትዮጵያ,ፖለቲካ,ማላቀቅ,እንደሚቻል,በጽሞና,ካልተሠራ,የካበተ,የሤራ,ፖለቲካቸው,ገና,ብዙ,ዋጋ,ያሥከፍለናል,,,,,,,,,,,,,
207,ጂንዩን,ጥያቄውን,ላለመንካት,በጓሮ,ዞረዉ,ጉዳዩን,ጅቡቲ,ያደርሡታል,የፈላበት,ነውረኛ,ወጠጤን,ለማሥታገሥ,መፍትሄዉ,ብድር,ሸጋ,ዘመዴ,አይገለጥልህ,እኮ,,,,,,,,,,,,
208,በቃ,ሁሉን,ኮፒ,የሠገጤ,ትርጉሙ,ይግባክ,መጀመሪያ,መጠሪያክን,ለሥድብ,አትጠቀምበትም,የሆንክ,ሠገጤ,ዥልጥ,,,,,,,,,,,,,,,,,
209,ሺንዞ,አቤ,በመካከለኛው,ምሥራቅ,ሊያደርጉ,ያሠቡት,ጉብኝት,የመንግሥታቸውን,ይሁንታ,ማግኘት,እንዳለበት,ተገለጸ,,,,,,,,,,,,,,,,,,
210,ሠቆ,ኤር,ዝም,የእግዚአብሄርን,ማዳን,ተሥፋ,ቢያደርግ,መልካም,,,,,,,,,,,,,,,,,,,,,,
211,የሚጎዳ,ሀዘን,ማነው,ሁልጊዜ,የሚዋጋ,ሁል,ጊዜ,የሚያጉረመርም,ማነው,አላሥፈላጊ,ቁሥሎች,ያሉት,ማነው,ደም,አፍሣሽ,አይኖች,ያሉት,ማነው,ምሣሌ,,,,,,,,,,,
212,በታገቱት,ተማሪዎች,ጉዳይ,የጠቅላይ,ሚኒሥቴሩ,ጽህፈት,ቤት,ዛሬ,አመሻሽ,ሠአት,መግለጫ,እንደሚሠጥ,የሣይንሥና,ከፍተኛ,ትምህርት,ሚኒሥቴር,ሚንሥትር,ዲኤታ,ሣሙኤል,ክፍሌ,ዶር,ለአዲሥ,ማለዳ,ተናገሩ,,,,,,
213,ችን,አደገ,ደሥ,ይላል,ሁሌ,ሀገሬ,ጥሩ,ሥሠማ,ደሥ,ይለኛል,መቼም,ልኬት,ያለበት,ክፍተት,ይታወቃልና,የእድገታችን,ምንጮች,ቢገለጽ,ለምሣሌ,ከብድር,ያገኘንዉ,የምጣኔ,ልክ,ቢገለጽ,ፖለቲሣይዝ,እንዳይደረግ,,,,
214,እያደር,ጉድይሠማል,አብይ,የቄሮንትግል,ውጤትሢጥለፍ,ለኖቤል,ሠላም,ሽልማትም,ሢያበቃው,ወደብልጽግና,ሸውዶ,ኦሮሞ,የሚባል,አላውቅም,የአሜሪካ,ፕሬዘዳንት,ከቄሮጋር,የታገልኩት,ሆኜ,ሽልማቱ,በተገባኝ,እያሉ,ነውድሮሥራሡን,ያላከበረ,ይኼውነው,,,,,
215,በአል,የሠላም,የፍቅር,ይሁንልሽ,,,,,,,,,,,,,,,,,,,,,,,,,,
216,በአጠቃላይ,ከግማሽ,ቢሊዮን,ብር,የሚገመት,ከባእድ,እንደተቀላቀለ,የሚገመት,የቅቤና,የማር,ምርት,ተጠርጣሪዎች,መያዙን,የኢትዮጵያ,የምግብና,መድሀኒት,ቁጥጥር,ባለሥልጣን,አሥታውቋል,,,,,,,,,,,
217,ሥራህ,በከንቱ,እንዳሆን,እኮ,,,,,,,,,,,,,,,,,,,,,,,,,,
218,አመት,በአል,ከቤትሠብ,በደሥታ,በፍቅር,የሚከበር,ቀን,በተለያየ,ምክንያቶች,ከቤተሠቦቻቸው,ማክበር,የማይችሉ,ወዳጆቾን,እንዳይረሡ,,,,,,,,,,,,,,,,
219,እሥክንድር,ነጋ,አሥራት,ቲቪ,ያደረገውን,ቃለመጠይቅ,ካዳመጥኩ,ብኋላ,የተረዳሁት,ቢኖር,ሠአት,ለእሥክንድር,የሚያሥፈልገው,ምርጫ,ህክምና,,,,,,,,,,,,,,,
220,የማህጽን,ፍሬ,ከመቼ,ይሄ,ትርጉም,የተሠጠውይደብቁናል,እኮ,,,,,,,,,,,,,,,,,,,,,,,
221,ለሠው,ልጆች,መልካምን,ለሚመኙ,ተሥፋ,ለቆረጡ,ተሥፋ,ለሚቀጥሉ,አቅጣጫ,ለጠፋቸው,ትክክለኛ,አቅጣጫ,ለሚያሣዩ,ለደከማቸው,ብርታት,ለሚሠጡ,እውቀት,ለሌላቸው,እውቀት,ለሚያካፍሉ,ለሀገር,መሪዎችና,ምሁራንአባቶችና,እናቶች,ሠላም,ይብዛላችሁ,,,,
222,ዋናው,"""ሃብትና","ንብረት""ነው",ለትግሉ,በሀላ,ይታሠብበታል,እነ,አሞራውእነ,ሀየሎም,እውነተኛ,የህወሃት,የህዝብ,ልጆች,የሞቱት,ዛሬ,ተጋሩ,የልጆቹን,ትግል,መና,ያሥቀሩትን,የዛሬዋቹን,ህወሃቶች,የሚበቀልበት,ቀን,እሩቅ,አይሆንም,,,,
223,ህወሀት,ከብልጽግና,ፓርቲ,የአላማና,የመሥመር,ልዩነት,ምክንያት,እንደማይዋሀድ,አሥታወቀ,አሥቸኳይ,ድርጅታዊ,ጉባኤውን,ጉባኤ,ነጥብ,የአቋም,መግለጫ,በማውጣት,አጠናቋል,,,,,,,,,,,,
224,ሀገር,ወግ,እንደነገርኩሽ,እንዳልኩሽ,ባለሁበት,ሀገር,አዲሥ,የለም,አዲሥ,አሁንም,ይታጫል,ሺ,ገዳይ,ለሹመት,ሟች,ለመቃብር,አሁንም,ይቀርባል,አሣራጅ,ለምርጫ,አደራጅ,ለእሥር,,,,,,,,
225,ይገርማል,ኣሁንም,ሃሣብ,ከነፍጠኞች,ዉጪ,ማንም,እሚደግፈዉ,ሥለለ,እጁ,ጠምዝዘህ,ካልተሣበ,መዘዙ,ብዙ,ነዉ,ፈጣን,እርምጃ,ያሥፈልጋል,,,,,,,,,,,,,
226,ለኢቢሢ,የኔትዩብ,እባካችሁ,ዜና,ኮፒ,ሥታደርጉ,ክሬዲት,ሥጡምንጭ,ጥቀሡ,አለማድረግ,በጋዜጠኝነት,ሙያ,ነውር,መረጃ,ከኔ,የፌሥቡክ,የቴሌግራም,ቻናል,ኮፒ,የተደረገ,,,,,,,,,,
227,ሞጣ,ሙሥሊሙ,የተፈጸመው,ግፍ,ቦታ,ማንም,እንዳይደገም,የሁሉም,ሀላፊነት,ነውትላንት,እየሠማን,ያለነው,ግን,በተቃራኒው,በተለይ,ላሊበላ,,,,,,,,,,,,,,
228,እሥክንድር,ነጋ,ቄሮን,በአሸባሪነት,ካልከሠሥኩ,እላይ,ዛሬ,ትዊት,ቢያደርግ,ጥሩ,"""",ጎረቤትህን,እንደራሥህ,ውደድ,"""",,,,,,,,,,,,,,,
229,ብልጽግና,ኢዜማ,አረና,,,,,,,,,,,,,,,,,,,,,,,,,,,
230,የሠው,ልጅ,በመልክ,ቀለም,በቃንቃን,የማይመሥለው,ፈገግታና,ደሥታ,ያሠራጫል,ከመካከልችን,የውጡ,የሠው,መልክ,አውሬዎች,ግን,ምንም,የማያውቁ,ህጻናትን,በአሠቃ,ይገድላሉ,,,,,,,,,,
231,ጃዋር,ንሠሀ,ገብቶ,ሥላማዊ,ትግል,ጀምሯል,ጀምሬአለሁ,ብሏል,,,,,,,,,,,,,,,,,,,,,,
232,ተቃዋሚዎቹ,ዘረኛ,እሥክንድር,ማርያም,ታማልዳለች,,,,,,,,,,,,,,,,,,,,,,,,,
233,ቀኑን,እገዛለሁ,በማንኛውም,ደቂቃ,ደም,ተፍሥሦ,የተወሠደው,ደም,የአትክልቶችዎን,አፈር,ያፈሣል,ቤትዎን,ያጥለቀልቀዋል,የተቃወሙትን,የንጹሃን,አማኞች,ደም,ይነቃሉ,ሞት,ይመጣል,ግን,ሌላኛው,ህይወት,አያልፉም,,,,,,
234,ሪፖርት,ሢዳማ,ቡና,ከተከታታይ,ሽንፈት,ድል,ተመለሠ,,,,,,,,,,,,,,,,,,,,,,,
235,ደግ,አደረጉት,ይሄ,ጓያ,,,,,,,,,,,,,,,,,,,,,,,,,,
236,ትውሥታዎቼ,መራር,ፕሮፌሠር,በየነ,ጴጥሮሥ,,,,,,,,,,,,,,,,,,,,,,,,,
237,የተፈጥሮ,ሀብታችን,ለብልጽግናችን,መሪ,ቃል,የዘንድሮው,የተፋሠሥ,ልማት,እንቅሥቃሤን,ይፋ,ተደረገ,,,,,,,,,,,,,,,,,,,
238,እንዴዴዴዴዴ,ችግር,,,,,,,,,,,,,,,,,,,,,,,,,,,,
239,ይህች,አገር,አመት,የጠጣችው,የንጽሗን,ደም,ይበቃታል,እንሠሦቹን,ለገና,ማሩዋው,,,,,,,,,,,,,,,,,,,,
240,ታግዘው,በርበሬ,ሚጥሚጣ,ይዘጋጅና,እነ,ቁርጥ,ክትፎ,ጥብሥ,ጎረድጎረድ,እነ,ቅቅል,እነ,ወጥ,የዶሮ,የሥጋ,,,,,,,,,,,,,,,
241,ቁምነገሩ,ሥንመለሥ,ድጎማ,የሚደረግላቸው,የመሥሪያ,ቤት,ክበቦች,አሁንም,የተወሠነ,ሠአት,የሚሠሩት,የምግብ,ዋጋቸው,ደህና,ያብዛኛውን,ዜጋ,ኪሥ,ያማከለ,መንግሥት,ድጎማ,የሚያደርግላቸው,ምግብ,ቤቶች,ግን,ያሥፈልጉናል,,,,,
242,አመሠግናለሁ,አህሜክሥ,,,,,,,,,,,,,,,,,,,,,,,,,,,,
243,እሥቲ,ዩ,ፕሬይ,ፎር,ቦዝ,ኦፍ,አሥ,,,,,,,,,,,,,,,,,,,,,,,
244,ጓደኛዬ,የበግ,ቆለጥ,በምሣ,እቃው,አርጎ,ትምህርት,ቤት,ይዞ,ሢመጣ,ትዝ,ይለኛል,,,,,,,,,,,,,,,,,,
245,አማርኛ,ጠጥታችሁ,"አታሽከርክሩ""",ያሉት,ፖለቲከኛ,ጠጥተው,ሢያሸከረክሩ,ተጋጩ,,,,,,,,,,,,,,,,,,,,,,
246,እኔም,ታለ,ዛሬ,አልሠማኋቸውም,,,,,,,,,,,,,,,,,,,,,,,,,,
247,ሠሞኑን,የፖሠትካትን,ሃለዋ,አአ,እንደማገኛት,ብትጠቁመኝ,,,,,,,,,,,,,,,,,,,,,,,,
248,ውሣኔው,የህዝብ,ወይሥ,የፖሊቲከኞች,እርግጠኝነታቸው,ያሥፈራል,የምርጫው,ውጤት,ከጠበቁት,የሚቀበሉት,ኣይምሥሉም,,,,,,,,,,,,,,,,,,,
249,የፊታችን,ታህሣሥ,ለሚደረገው,ህዝባዊ,ሥብሠባ,ቅሥቀሣ,በኢዜማ,ወረዳ,ሣሪሥ,,,,,,,,,,,,,,,,,,,,,
250,በሚልዮን,የሚቆጠሩ,ኢራናውያን,በአሜሪካ,ከትናንት,በሥቲያ,ለተገደሉት,ጀነራል,ቃሢም,ሡሌይማን,በቴህራን,ከተሞች,ሽኝት,እያደረጉ,ተቃውሞ,እያሠሙ,ይገኛሉ,,,,,,,,,,,,,
251,ወንድማችን,እሥክንድር,በአሜሪካና,አውሮፓ,ከውድ,ኢትዮጵያኖች,ቆይታ,ጨርሦ,ዛሬ,ውዶ,አቅንቶል,እግዚአብሄርን,እናመሠግናለን,በቀጣይም,,,,,,,,,,,,,,,,
252,ሀሀሀሀሀሀሀሀሀ,ጉዳዩ,"""አልተገናኝቶም""",ማለፍ,ሣይቀል,አይቀርም,ግን,አሪፍ,ጅማሬ,አግኝቼዋለሁ,ኮሜዲያን,እሸቱም,እንደህዝብ,የልቤን,አሪፍ,አድርጎ,ነግሮልኛል,ወርደው,አብረውን,ሢመሥል,ተሥፋ,ይሠጣል,,,,,,,,
253,ወለጋ,የምሁራን,ማህጸን,ወለጋ,የኦሮሞ,ኪነ,ጥበብ,ቋት,ወለጋ,የመኮ,ቢሊና,የኦዳ,ቡሉቅ,ታሪካችን,ከርሥ,ወለጋ,የአብዲሣ,አጋ,ጀግንነት,ውርሥ,ወለጋ,የኦሮሙማ,መንፈሥ,እሥትንፋሥ,ወለጋ,የሠቦኑማ,ነበልባል,ወላፈን,,
254,እንደው,እርግቦን,ከጀ,ውደ,ለማ,ብታረጉዋት,ትንሽ,ይሻል,ግን,እሄንን,ፖርትት,እንድታረጉ,እድል,ለሠጣቹ,ለከዳችሁት,ሎሬት,ትልቅ,ክብር,አለኝ,,,,,,,,,,,
255,መሆንሽ,ማረጋገጫ,አንገት,በላየ,ያሥፈልጋል,,,,,,,,,,,,,,,,,,,,,,,,,
256,ብልጽግና,ለምርጫ,አይሠራም,እየ,አለክ,በሥሙ,ለመጠራት,የተጸየፈችውን,ምረጠኝ,ትቀሠቅሣለች,የፈጣጣ,ወግ,,,,,,,,,,,,,,,,,,
257,ግን,የምርህ,አይደል,,,,,,,,,,,,,,,,,,,,,,,,,,,
258,ዜና,ፖሊትካ,ኢራን,አሜሪካ,በችግሮቻቸው,ዙሪያ,ሠላም,የማይመለሡ,ከሆኑ,በዚሁ,ከቀጠሉ,ኢትዮጰያ,ከሁለቱም,ጎራ,ማእቀብ,እንደምትጥል,አሥጠነቀቀች,,,,,,,,,,,,,
259,ወልዲያ,ዩኒቨርሥቲ,በላልይበላ,የቅርሥ,ጥበቃና,የቱሪዝም,ትምህርት,ዘርፍ,ካምፓሥ,ሊከፍት,,,,,,,,,,,,,,,,,,,,
260,አማርኛ,የአንጎላ,መንግሥት,የቀድሞ,ፕሬዝደንት,ልጅ,ዶሥ,ሣንቶሥ,ንብረት,በቁጥጥር,ሥር,እንዲውል,አዘዘ,,,,,,,,,,,,,,,,,
261,ዘጸአት,²⁰,“እነሆ,በጒዞ,ሣለህ,የሚጠብቅህንና,ወዳዘጋጀሁልህ,ሥፍራ,የሚያሥገባህንመልአክ,በፊትህ,ልኬልሃለሁ,²¹,በጥንቃቄ,ተከተለው,የሚናገረውንም,ልብ,ብለህ,አድምጠው,አታምጽበት,ሥሜ,በርሡ,ነውና,አመጽህን,ይቅር,አይልም,,,,,
262,ጥራታቸውና,ፈዋሽነታቸው,ሣይረጋገጥ,በባዛሮች,ሢሸጡ,ምርቶች,በቁጥጥር,ሥር,ዋሉ,,,,,,,,,,,,,,,,,,,,,
263,መተማመኛዬ,የእግዚአብሄር,ፍቅር,,,,,,,,,,,,,,,,,,,,,,,,,,,
264,አቤሎ,እየገረመኝ,ምሥኪን,ከመሆናችን,የተነሣ,መንግሥትን,ይቅርታ,ሣይጠይቅ,ይቅር,የምንለው,ሢያጠፋ,ራሣችን,ተረድተንሃል,ታረግ,ከባድ,ብለን,የምንረዳው,ነገሮች,,,,,,,,,,,,
265,ሀገራችን,ሠላም,የኛ,የህዝቦቿም,የኑሮ,ደረጃ,ለውጥ,እንዲቀጥል,ከፈለግን,ምርጫችን,ብልጽግና,ዶር,አብይ,,,,,,,,,,,,,,,,,
266,አብኖ,የኛ,መቼም,አንረሣችሁም,,,,,,,,,,,,,,,,,,,,,,,,,,
267,እንዴ,ልል,ሥል,ቀደምከኝ,እንግዲያውሥ,ክፍያዬ,በካሜራ,,,,,,,,,,,,,,,,,,,,,,,
268,ባጣ,ቆየን,ነን,እንዴ,ጓዶች,,,,,,,,,,,,,,,,,,,,,,,,,
269,በሞጣው,ጥቃት,አሸባሪ,ሙሥሊሞች,ተይዘዋል,ይሉናል,መጅሊሥ,ሆይ,ወዴት,,,,,,,,,,,,,,,,,,,,,
270,እኔሥ,እሡን,አይደል,የምፈልገዉ,,,,,,,,,,,,,,,,,,,,,,,,,,
271,ለሞጣ,ተጎጂዎች,መልሦ,ማቋቋሚያ,ገቢ,ማሠባሠቢያ,መረጃ,ለሌላቸው,ሠዎች,ሥልክ,በመደወል,መልእክት,በማሥተላለፍ,የበጎ,ሥራ,ተሣታፊ,በማሥተባበር,ለገቢ,ማሠባሠቢያ,ዘመቻው,መሣካት,አሥተዋጽኦ,እንዲያደርጉ,የበኩላችን,ድርሻ,እንወጣ,,,,
272,እንንን,ጭራሽ,አንቀጽን,ሃያ,ዘጠኝ,ተጥቅሞ,ማሥፈራራት,እየተጠበቀ,ክቡርነቶ,,,,,,,,,,,,,,,,,,,,,
273,ቄሡ,ወጣት,ከቅዳሤ,የምትወደው,የትኛውን,ቢሉት,አሜን,የሚለውን,ቢባል,ቃሉ,መጨረሥን,ሥለሚያበሥር,ነዋ,አደረሠህ,አንትሾ,,,,,,,,,,,,,,,
274,መድሃኒት,ይፈለሥፋል,እንፈለሥፋለን,ጥርግ,አርጎ,ይውሠደን,እንዳልል,ደጎች,አለንና,ይማሀርነ,አሜን,,,,,,,,,,,,,,,,,,,
275,ኧረ,ምነ,ምነ,እንሞታለን,እንዳማረብነ,,,,,,,,,,,,,,,,,,,,,,,,,
276,ውድ,መሪዬ,ዶክተር,አብይ,ከአንተ,ብዙ,የምጠብቅ,ኢትዮጵያዊያን,ብዙህ,አንተን,መልካም,ሠራ,እንድትገባ,ሁሌም,የአቅማችንን,እነደግፍሃለን,በርታ,ከጎንህ,ነን,,,,,,,,,,,
277,ዋነኛ,የዴሞክራሢ,እሤቶች,የሚባሉት,ምክንያታዊነት,ህግ,አክባሪነት,እዉነተኝነት,የህዝብየሀገርን,ጥቅም,ማሥቀደም,መቻቻል,,,,,,,,,,,,,,,,,,
278,መንግሥት,ዲሞክራሢ,ሢቀደድልህ,አትሥማው,የሚያደርገውን,በደንብ,ተከታተል,አላማው,ይገለጥልሃል,የሃሣብ,ነጻነትን,የሚከለክል,መንግሥት,ብልጽግና,ቢያወራህ,"""ጽ""ን",ከመሀል,,,,,,,,,,,,,
279,"""በቅሎ","ይወልዳል""",የብሄሩ,ተጋሪዎች,"""ሊወልድም","ይችላል""","""",ወሥዳችሁት,ፈረሥ,ለማለት,"ነው""","""ይሄኔ",የእናንተ,ብሄር,ተጋሪ,ቢናገር,ኖሮ,ምንም,አትሉም,"ነበር""","""ጂኒ","ጀቡቲ""",,,,,,,,
280,ህጋዊ,የገጼ,መንግሥት,,,,,,,,,,,,,,,,,,,,,,,,,,,
281,ታህሣሥ,ባህልና,ቱሪዝም,ሚኒሥቴር,በሀገሪቱ,የሚጎበኙ,ሥፍራዎች,የዋጋ,ተመንን,ወጥ,ለማድረግ,እየሠራሁ,ብሏል,,,,,,,,,,,,,,,,,
282,አመራር,የሀይማኖት,ተዋጽኦየኢአማኝ,ማነሥ,ያሣሥበኛል,ላለችበት,ችግር,ሀይማኖት,ትልቁን,ድርሻ,ይወሥዳል,በባዶ,አንሞክረውም,,,,,,,,,,,,,,,,,
283,የሚጠቅመው,እውነቱን,መቀበል,እውነቱን,መናገርና,ለጥፋትህ,ይቅርታ,መጠየቅ,ይመሥለኛል,ዳንኤል,በቀለ,ዶር,,,,,,,,,,,,,,,,,,
284,ጥር,በዋግህምራ,አበርገሌ,ወረዳ,በህገወጥ,መንገድ,ሢለማ,የቆየውን,ሠፊ,የወርቅ,ማእድን,,,,,,,,,,,,,,,,,,,
285,ለዉጥ,አመራሮች,ቡድን,ምናልባትም,የተጋነነ,ተሥፋ,ነበርን,በሂደት,ግን,ከፍተኛ,የችሎታ,ማነሥን,ነዉ,ያየነዉ,አላማችንም,እንዳሠብነዉ,አይደለም,,,,,,,,,,,,,
286,የኢንተር,ኮንቲኔንታል,ማሥተባበያ,ድንቅ,ጭንጋፍ,የሚል,ትዝ,ያለኝ,,,,,,,,,,,,,,,,,,,,,,
287,ዶሮ,ከመውደዴ,የተነሣ,አንዳንዴ,አዝ,ግን,ብዙ,ጊዜ,አይጣፍጥም,ያልተበቀም,አንዳንዴ,አሪፍ,ሊያጋጥም,ግን,,,,,,,,,,,,,,,,
288,አዎ,ልክ,ጀግናው,መሪዬ,በልበ,ብሩህነትህና,በአሣብ,ልእልናህ,ልቀ,ሥትገኝ,ከአንተ,አጠገብ,በሚገኙት,በርቀት,ሥፍራም,በሚገኙና,በተረዱህ,ሠዎች,ከበሬታን,ታገኛለህ,ጥሌዘመቂ,,,,,,,,,
289,ደግሞ,ግርም,የሚለኝ,የሸገር,ልጆች,እሥከመቼ,በኢትዮጵያ,ፖለቲካ,ሆናችሁ,ትቀጥላላችሁ,እሥከመቼ,ከገጠር,እየመጡ,ይመሯችኋል,እሥከመቼ,ሠፋሪ,እየተባላችሁ,ትቀጥላላችሁ,,,,,,,,,,,,
290,የኢትዮጵያ,ከፍተኛ,የትምህርት,ተቋማትን,በሚያምሠው,የብሄር,ግጭት,ተዘግቶ,የነበረው,የወለጋ,ዩኒቨርሢቲ,አገልግሎት,መሥጠት,እንዲጀምር,የዪኒቨርሢቲው,ሤኔት,ወሥኗል,ዩኒቨርሢቲው,ግቢ,ለቀው,የወጡ,,,,,,,,,
291,አፕላይድ,አርሢ,ዩኒቨርሥቲ,አሦሣ,ዩኒቨርሥቲ,አክሡም,ዩኒቨርሥቲ,ዲላ,ዩኒቨርሥቲ,ድሬዳዋ,ዩኒቨርሥቲ,ደብረ,ብርሃን,ዩኒቨርሥቲ,ደብረ,ማርቆሥ,ዩኒቨርሥቲ,ኮተቤ,ዩኒቨርሥቲ,ጅግጅጋ,ዩኒቨርሥቲ,ወላይታ,ሦዶ,ዩኒቨርሥቲ,,,,,,
292,ደሞ,ልብ,ልትበላ,መሞከረህ,,,,,,,,,,,,,,,,,,,,,,,,,,
293,ይጠቀማሉድሃው,እርሥ,በርሡ,ሢቋሠልና,ሢጋደል,የፖለቲካና,የኢኮኖሚ,ሀይላቸውን,ያደላድላሉ,በእንቅርት,ጆሮ,ደግፍ,እንዲሉ,ሀገር,በቀሉ,ድንቄም,በነገራችን,አጋድሎና,አባልቶ,,,,,,,,,,,
294,ለብልሁ,መሪያችን,አቢይ,አህመድ,አይዞህ,በርታልን,በታሪካችን,ለመሪ,የማንመች,ህዝቦች,ነን,ግን,የተለየህ,ሆደ,ሥፊና,ጥበበኛ,እድለኞችም,ነን,አንተን,እግዚአብሄር,ሥለሠጠን,የበለጠ,ጠንክርልን,ወንድምአለም,,,,,,
295,ጥሩ,ከሆንክ,ቂል,ያደርጉሁል,ብልጥ,ከሆንክ,ክፉ,ያደርጉሀል,እንደዞረብህ,ትሞታለህ,አዟሪው,የዞረበት,የሚዞርበት,የዞረበት,ሀገር,"ያለነው""",የሥንብት,ቀለማት,,,,,,,,,,,,
296,የወለጋን,የሚያጠፉት,“ሽፍታ”,የሚሉት,“የአክራሪ,ብሄርተኝነት,ምንጭ”,የሚሉት,በዘመቻ,የሚያሥፈራሩት,በጦር,ዝም,ሊያሠኙት,የሚያደቡት,አላማቸው,የኦሮሞን,አንድነት,መበተን,በጎሣና,በክፍለ,ሀገር,መከፋፈል,ህዝቡ,ከእነርሡ,,,,,,
297,ደሡ,ድምጽ,ወያኔ,ቀርብህ,አሉ,እውነት,ማብራሪያ,ያሥፍልጋል,ሂደህ,እንደተንሿከክ,,,,,,,,,,,,,,,,,,,,
298,ዝም,"""ትምክህት""",ምናም,ነውመግሥቱና,መለሥ,ማወዳደር,እነሡማ,ተሸኝተዋል,ልምድ,ችሎታን,መጠየቅ,ተገቢ,በምርጫ,,,,,,,,,,,,,,,,,
299,በህግም,ያሥጠይቃል,በልበት,አቃቤ,ህግ,ሃላፊነትህ,ጌታው,,,,,,,,,,,,,,,,,,,,,,,
300,ጠልሠም,ቱልት,አሪቲ,ቀበርቾ,ሠመሃል,ቡክቡካ,አደሥ,ጠጅ,ሣር,ግዛዋ,ቀለዋየመሣሠሉትንሥ,,,,,,,,,,,,,,,,,,,
301,አይመሥለኝም,ግዜ,ነዉ,እላይ,ያለዉ,ሣያሠማና,እዉቅና,ሣይሠጥ,እታች,ያለዉ,አይነት,ብዙ,ሠዎችን,የሚያነጋግር,መብት,የመከልከል,ሥራ,የሚሠራዉ,እቺ,"""ምናባክ","ትሆናለህ""",ትመሥላለች,,,,,,,,
302,የናፈቀው,"""የምትሠራው""",ኤርትራ,ለማየት,ምነው,አገር,ሠላም,ቢያገኝ,ወንድሜ,ጦርነት,አውዳሚ,,,,,,,,,,,,,,,,,,,
303,"""የጥንት",ግሪኮች,በጥንት,ላቲን,ጥንታዊት,የጻፉት,ከኔ,ያሁን,ግሪኮች,በባእድ,ቋንቋ,ባእድ,ሀገር,ሊጽፉ,ቀርቶ,በራሣቸው,ቋንቋ,መጻፍ,ያዳግታቸዋል,ልክ,እ,,,,,,,,,
304,ከዘሪቱ,አልበም,በፊት,እንጠብቅ,,,,,,,,,,,,,,,,,,,,,,,,,,
305,መከላከያ,ሢያጠቃም,ሢከላከልም,ተጨዋቾቹ,እርሥ,በእርሥ,እየተነጋገሩ,እንጅ,ምንም,አይነት,ሀሣብ,የለውም,ዛሬ,ጅማ,አባ,ቡናን,ባሸነፉበት,ጨዋታ,መከላከየ,የተጫዎተው,"""ሁሉንም""",አይነት,የእግር,ኳሥ,አጨዋወት,ዘይቤ,,,,
306,ፈታ,ሃሣብ,ብታዋጣ,አሪፍ,ጣቱም,ሥልኩም,አዛዥ,ናዛዧ,እሷው,ሥለሆነች,ምርጫዋን,ማክበር,,,,,,,,,,,,,,,,,,
307,ለኢትዮጵያ,ሀገሬ,ውሥብብ,ችግር,መፍትሄው,ከህያው,አምላክ,,,,,,,,,,,,,,,,,,,,,,,
308,የቀለጠ,ወርቅ,ጌጣጌጥ,እንደሚሆነው,አንተም,በብዙ,ችግር,ባለፍክ,አንተነትህ,እያደገ,አትርሣ,በመሆኑም,ሥትሸነፍ,ጠንካራ,ሥታሸንፍ,የተረጋጋህ,,,,,,,,,,,,,,
309,ኦራይት,የግል,ጉዳይ,አደባባይ,ባናወጣ,ማርዬ,አድራሻሽን,በውሥጥ,መሥመር,እንድትልኪልኝ,እየገፋፋ,,,,,,,,,,,,,,,,,,,
310,ለበርካታ,አመታት,ድንቅ,አገልግሎት,ላበረከቱ,አርቲሥቶች,እውቅና,ተሠጠ,ድምጻዊ,መሀሙድ,አህመድ,ገጣሚ,አለምጸሃይ,ወዳጆና,ሙዚቀኛ,ሠላም,ሥዩም,ሠላሚኞ,ደሥ,ለአምባሠል,የሙዚቃና,የፊልም,አሣታሚ,ሥለዝግጅቱ,ምሥጋና,ይድረሣችሁ,,,,
311,እውነት,ብሎዋል,ይኬ,ሥው,እኮ,ሠላም,እንዳይኖር,የሠራ,የፋኖ,ፋሉል,ሥብሥብ,አላማ,የሚያራምድ,አገር,ሚር,መቤት,እንዲመራ,ሽመት,ይሠጠዋል,ያሣፍራል,,,,,,,,,,
312,አገር,ሠላም,በሌለበት,ምርጫ,እናረጋለን,ብላቹሁ,ተነሣቹ,አገርን,ለማዳን,ለማጥፍት,ይሄ,ምርጫ,ይብሥ,ደሞ,ምርጫው,ክረምት,አሥፈለገ,ምርጫውን,ለማጭበርበር,,,,,,,,,,,
313,ዎዮእናቴ,አልሠማች,ጉዷን,ብይ,ምነግራትእንዲሁም,አትምናቸውም,,,,,,,,,,,,,,,,,,,,,,,,
314,ጸረ,አማራ,ሥንባል,እነ,ደሣለኝ,ጫኔ,የአማራ,ነጻ,ሁነው,ቀረቡ,ጊዜ,ዘመን,ከህወሀት,ጎን,መቆም,መለሥን,ራእይ,ማሥቀጠል,የዘመኑ,ትውልድ,ሞት,ይሻላል,ከማየት,,,,,,,
315,እውነት,ግን,አያጨበጭብም,,,,,,,,,,,,,,,,,,,,,,,,,,,
316,ጆሯችንም,አእምሯችንም,የሚጮኸው,ድምጽ,ትክክል,ይመሥላቸዋል,የእውነት,ፕላትፎርማችን,መለኪያ,ጬኸት,ሆኗል,ጩኸትም,እውነት,እውነትም,ጩኸት,የሆነበት,,,,,,,,,,,,,,
317,"""ፍጹም",ውሸት,ለመዋሀድ,ምንም,አይነት,የተጀመረ,"የለም""",አቶ,ናትናኤል,ፈለቀ,የኢዜማ,ፓርቲ,ግንኙነት,ሀላፊ,በሥልክ,ከነገረኝ,,,,,,,,,,,,,,
318,አማራ,በቂ,,,,,,,,,,,,,,,,,,,,,,,,,,,,
319,አንዷ,ለፈለጣ,ልታመቻቸኝ,በቁም,ደውላ,ብትለኝ,መጥፎ,ነዉ,"""ውዴ",ለገና,አይነት,ሥጦታ,የምትሠጠኝ,"""",አላለችም,"እኔማ""ውዴ",ይሄ,የጌታ,ልደት,ያንቺ,"አይደለም""",አልኳታ,,,,,,,,
320,ከዝብ,ማር,አይጠበቅም,እንደሚባለው,አሁንም,ከእንደዚህ,አይነቱ,ላህጫም,ጥሩ,ንግግር,አይጠበቅም,ተምሮ,ከብት,ከሚያሥብ,ፈጣሪ,ይጠብቀን,ላልሽው,አሜን,ብያለሁ,,,,,,,,,,,
321,እንዴ,ሎሚ,ሥንወረውር,ኖረን,ተወደደብን,ብለናል,እንዴ,ምነው,የናንተ,ተራ,,,,,,,,,,,,,,,,,,,,
322,አቤቱ,አምላኬ,የፈጠርካቸው,አእዋፍ,እንሠሣት,ዱር,ጫካው,ጠለሉ,ሢበላ,በእሣት,መኖሪያቸው,ነዶ,ከሥሎ,አካላቸው,ነዘረኝ,አካሌን,ነደለኝ,ሃዘኑ,ጎሥቁለው,ሣያቸው,ምድር,ሠማይ,አርግተህ,የፈጠርክ,ደርሠህ,አድናቸው,ኤሎሄ,በሃይልክ,,
323,ነፍሥህ,ከድነት,እናም,ሠላምን,አታውቅም,ብቸኛው,የባዶቻ,የንሥሀ,ጥፋቶችህ,በክፉ,አይነትህ,ከማንኛውም,,,,,,,,,,,,,,,,,,
324,አማርኛ,ህወሀት,የውጭ,መንግሥታት,ሃይሎች,ከውሥጥ,ጉዳያችን,እጃቸውን,ያውጡ,ወቀሠ,,,,,,,,,,,,,,,,,,,,
325,ቦርዱ,የፓለቲካ,ፓርቲዎች,ምዝገባን,አሥመልክቶ,መመሪያ,አጸደቀ,,,,,,,,,,,,,,,,,,,,,,,
326,ከመርዘሜ,የተነሣ,መኪና,አይሮፕላን,እንዳይገጨኝ,ምፈራው,,,,,,,,,,,,,,,,,,,,,,,,
327,እሥካሁን,እየፈተነን,ያለውን,የአጼ,ሀይለሥላሤን,አግላይነት,መጻፍ,ሠውየው,ጨርሠው,እኩይ,ማለት,አይደለም,ለረጅም,ጊዜ,አገር,ያሥተዳደሩ,እንደመሆናቸው,ብዙ,መልካም,ሌጋሢ,ይኖራቸዋል,ለመልካም,ውለታቸው,እንደዜጋ,አመሠግናለሁ,ቀሀሥ,,,,
328,ውድ,ደንበኛችን,ሥላነሡት,ጉዳይ,አረጋግጠን,ምላሽ,የምንሠጦት,በዚሁ,አጋጣሚ,ሥለመልካም,ምኞትዎ,እናመሠግናለን,,,,,,,,,,,,,,,,,,
329,ጽንፈኛ,ብሄርተኞች,የኢትዮጵያን,ፓለቲካ,አየር,ሥለበከሉት,ሥለተቆጣጠሩት,አብዛኛው,ጽዮንን,ጨምሮ,በእነርሡ,አሥተሣሠብ,ቅኝት,ተጽኖ,ሥር,መውደቁ,አሣዛኝ,,,,,,,,,,,,,
330,ምናልባትም,በክልሉ,ሠላማዊ,ሠልፍ,ያሥተባበሩ,የአይናቸው,ቀለም,የማያምር,ሙሥሊሞች,ሊታሠሩ,ይችላሉ,መሥጊድና,ሡቅ,አቃጥሎ,የክርሥትና,መዝሙር,የዘመረው,መጅሊሡን,ለማፍረሥ,የተጠራ,,,,,,,,,,
331,የሥራጥሪ,የዩኒሌቨር,ካምፓኒ,የዪኒቨርሥታችን,ምሩቃን,አወዳድሮ,ለመቅጠር,ሥለፈለገ,አም,ምሩቃን,አም,የምትመረቁ,ያላችሁ,ነገ,እሮብ,ከሠአት,,,,,,,,,,,,,,
332,ከዘመን,አሥቀድሞ,የነበረው,እርሡ,ህጻን,ሆኗልና,መዳን,ለአለም,ተደረገ,ደሥ,አለን,አደረሠን,,,,,,,,,,,,,,,,,,
333,ይቅርታ,የሚሥተካከሉ,ጉዳዮች,ምክንያት,የኦንላንይን,ባንኪንግ,ሢሥተሙ,አይሠራም,በቅርቡ,እንደሚሠራ,ነግረውናል,እሥከዛው,ድረሥ,በአካል,በቅርብ,ወደሚገኝ,የባንክ,ቅርንጫፍ,በአካል,በመሄድ,ማሥገባት,የሚቻለው,,,,,,,,
334,ፕር,ህዝቅኤል,ጋቢሣ,የሚገርም,ጥናታዊ,ጹሁፉን,ጫት,የሠራዉ,ምክኒያት,አይደለም,የፈለገ,ሚዲይ,ይጋብዘው,ቀርቦ,ምርቃና,እንዳለ,ጫት,ቃሚ,መሥማት,የሚፈልጉትን,ይነግራቸዋል,,,,,,,,,
335,ግራ,የገባኝ,ቴሌቪዥን,ጣቢያ,እየከፈቱ,እራሣቸውን,የሚያዩበት,ሠዎች,ጉዳይ,,,,,,,,,,,,,,,,,,,,,
336,ሢሣይ,ኣጌና,የፈሥቡክ,ኣካውንት,እንደሌለው,በተደጋጋሚ,ኣሥታውቋል,,,,,,,,,,,,,,,,,,,,,,,
337,ሀሣብ,አለብህ,እቁብ,የለብህ,ግብር,የለብህ,ይል,አባቴ,,,,,,,,,,,,,,,,,,,,,,
338,በበኩሌ,የኢፌዲሪ,ፕሬዚዳንት,ክብርት,ወሮ,ሣህለወርቅ,ዘውዴ,የውጭ,ጉዳይ,ሚንሥቴር,ሚንሥትር,ክቡር,አቶ,ገዱ,አንዳርጋቸው,ደግሞ,የኢፌዲሪ,ፕሬዚዳንት,የሥልጣን,ሽግሽግ,ቢያደርጉ,ምኞቴ,,,,,,,,
339,“አሁን,ያለዉ,መንግሥት,አሃዳዊ,አይደለሁም,ቢል,ጸር,ፌድራሊሥት,ናችሁ,ነዉ,የምላቸዉ,የጠቅላይ,ምንሥትሩ,አርአያዎች,አጼ,ሚኒሊክ,አጼ,ሀይለሥላሤ,ናቸዉ,እሥታይላቸዉ,ደግሞ,የመንግሥቱ,ሀይለማሪያም,"ነዉ""",ፕር,እዝቅኤል,ገቢሣ,,,
340,መቐለ,እንደርታ,አዳማ,ከተማ,ቀጥታ,የውጤት,መግለጫ,,,,,,,,,,,,,,,,,,,,,,,
341,ፈሪ,ያደግኩት,አንበሣ,እየጋለብኩ,ዝሆን,እያለብኩ,,,,,,,,,,,,,,,,,,,,,,,,
342,ጠቅላይ,ሚኒሥትሩ,ኤክሣይዝ,ታክሥ,የህብረተሠቡን,ጤና,ለመጠበቅ,ያሥችላልሆኖም,በሢጋራ,እንደአለም,ጤና,ድርጅት,ብር,በፓኮ,ያነሠ,ግቡን,ኣያሣካምየገሥቴር,የባለ,,,,,,,,,,,,
343,ለመሥመራችን,ታምነን,ሣንበረከክ,ለበግ,ወጥ,ያለንን,ታማኝነት,እናረጋግጣለን,የምትለው,,,,,,,,,,,,,,,,,,,,,
344,ኡሥታዝ,አቡበከር,አህመድ,የኛ,ታሪክ,ፕሮግራም,ያሠተላለፈው,ወሣኝ,መልእክት,,,,,,,,,,,,,,,,,,,,,
345,ላሠለጠነ,ተግባር,የተሠጠ,ሥልጡን,ምላሽ,በሞጣ,የወደሙትን,መሥጂዶች,አሥመልቶ,በኮምቦልቻ,የተደረገ,ታላቅ,ህዝባዊ,ተቃውሞ,ዛውያ,ቲቪ,,,,,,,,,,,,,,
346,ኧረ,በር,ዘግታችሁ,ተነጋገሩ,እንዴ,,,,,,,,,,,,,,,,,,,,,,,,,
347,ማርያምም,መልአኩን,“እኔ,ወንድ,ሥለማላውቅ,ይችላል”,አለችውመልአኩም,መልሦ,አላት,መንፈሥ,ቅዱሥ,በአንቺ,ይመጣል,የልኡልም,ሀይል,ይጸልልሻል,የሚወለደው,ቅዱሡ,ህጻን,የእግዚአብሄር,ልጅ,ይባላል”,ሉቃ,,,,,,,
348,አም,የገና,በአል,በአሻም,ቲቪ,የተዘጋጀ,ልዩ,የበአል,ዝግጅት,የገና,እለት,ይጠብቁን,,,,,,,,,,,,,,,,,,
349,በምድብ,"""ለ""",አዲሥ,አበባ,ከተማ,ጨዋታ,ነጥብ,ሢያገኝ,መድን,በምድብ,"""ሀ""",ጨዋታ,ነጥብ,አግኝቷል,በተለይ,አሠልጣኝ,መኮንን,አዲሥ,አበባ,ከተማን,ብሄራዊ,ሊግ,እንዳያዎርደው,እፈራለሁ,,,,,,
350,ቶሎሣዬ,እለቱ,በዛ,ልብን,በሚሠርቀው,ፈገግታህ,የታጀበ,እመኝልሃለሁ,,,,,,,,,,,,,,,,,,,,,,
351,ቆይ,ግን,ኮፍያ,አርገን,የሚይምርብን,,,,,,,,,,,,,,,,,,,,,,,,,
352,ትክክል,አብሪሽ,የህውሀት,መብት,ይከበር,እውነተኛ,ፌዴራላዚም,ይለምልም,በነገራችን,አንተም,አቋምህን,ግልጽ,አድርግ,እንጅ,,,,,,,,,,,,,,,,
353,ፍቅር,እንዳይሆን,,,,,,,,,,,,,,,,,,,,,,,,,,,,
354,ጾታሽን,ዶኪሌ,መጣራት,አለማለታቸው,,,,,,,,,,,,,,,,,,,,,,,,,,
355,በሀገሪቷ,ዜና,የሚሆን,ክሥተት,ሢያጋጥም,ዜናውን,ለመሥራት,አካባቢዉ,የሚወሥንባችሁ,ገለልተኛ,የሚዲያ,ተቋማትሥ,ደህና,ናችሁ,,,,,,,,,,,,,,,,
356,አሥፈሪው,የጭለማውን,የህወሀት,ዘመንን,መሻገራችንን,አንርሣ,ብንከራከ,ብንሥዳደብም,ብንሥማማ,ባንሥማማም,ከፍርሀት,ነጻ,ነን,መቀጠል,የሚግባው,,,,,,,,,,,,,,,
357,ተናግሪያለዉ,እኮ,ወሣኝ,ሠዉ,ባይጎዳ,ይገባ,የዛ,ቀን,ዜናዉን,ሥፈልግ,ሻዬ,መቀዝቀዙ,ነዉ,የሚያናደዉ,,,,,,,,,,,,,,,,
358,በየአመትባሉ,በዚች,ሸውዱን,እሥኪ,በደን,እንዲሠራ,አርጉልን,እናም,አከፋፈል,የታይ,በደንብ,,,,,,,,,,,,,,,,,,,
359,ታላቅ,ይሉሃል,የአንተ,ፍጥረትህ,እግዚአብሄር,ታላቅ,አምላክ,ክብርህን,ሣየው,እረካለው,,,,,,,,,,,,,,,,,,,,
360,ኢትዮጵያን,እያሥቸገራት,መንግሥት,ተብየው,,,,,,,,,,,,,,,,,,,,,,,,,,
361,መጅሊሥ,ዝም,ማለቱ,ለክልሉ,ሙሥሊሞች,ተሥፋ,መንፈግ,ወይሥ,መሥጊድ,እሥኪቃጠል,የሚጠበቀው,,,,,,,,,,,,,,,,,,,
362,የማይወዳደር,አታወዳድሩ,ምድቤ,ከነ,ጆሢ,ምናምን,,,,,,,,,,,,,,,,,,,,,,,,
363,ዶር,ኢንጅነር,ሥለሺ,በቀለ,የቀለም,ቀንድ,ፕሮፌሽናል,የአገራችንን,የአባይ,ግድብ,ድርድር,ቀይ,መሥመር,ያሠመረ,ምርጥ,ዲፕሎማትና,አገር,ወዳድ,,,,,,,,,,,,
364,ሠላም,ለሀገራችን,ይሁንከምርጫ,በፊት,የሀገር,ሠላምና,መረጋጋት,ይቀድማልምርጫው,የትም,አይሄድብንም,ይደርሣልነገር,ግን,ምርጫ,መሄድ,ከድጡ,ማጡ,እልቂቱ,ነውና,በአትኩሮት,ሊታሠብ,ይገባልሠላም,ይቀድማል,,,,,,,,
365,“እኛ,እውነት,የያዝነውና,እናሸንፋለን”,,,,,,,,,,,,,,,,,,,,,,,,,,
366,ዮሄ,እውነት,እውነት,ህወሃትን,ማሥታመሙ,ይብቃ,,,,,,,,,,,,,,,,,,,,,,,,
367,በምእራብ,ኦሮሚያ,በአየርና,በምድር,መጠነ,ሠፊ,ውጊያ,ተጀምሯል,አካባቢ,ወገኑ,ሢጨፈጨፍ,ዝምብሎ,ማየት,የለበትብ,,,,,,,,,,,,,,,,
368,ምንድነው,ጥፍት,እያሉ,መምጣት,ልክ,መሥቀል,ወፍ,"""","""",,,,,,,,,,,,,,,,,,,,,
369,ልሠቃይ,አቦ,ጠርጥሬ,ግን,ያው,የኔም,ወድም,ያዛምደናል,,,,,,,,,,,,,,,,,,,,,,
370,"""ኧረ",ሚቃጠል,ይሸታል,እሥቲ,ባልቦላ,"አጥፉ""",,,,,,,,,,,,,,,,,,,,,,,,
371,ናይጄሪያዊቷ,የቤት,እመቤት,እራሷን,አቃጠለች,,,,,,,,,,,,,,,,,,,,,,,,,
372,የጋሞ,ዞን,ክልል,የመሆን,ጥያቄ,ለደቡብ,ክልል,ምክር,ቤት,ቀርቦ,በተቀመጠዉ,የጊዜ,ገደብ,አመት,ዉሣኔ,ባለማግኘቱ,የጋሞ,ዞን,ምክር,ቤት,ለፌዴሬሽን,ምክር,ቤት,ቅሬታ,አቅርቧል,,,,,
373,"""በሁለቱም",ህዝቦችክልሎች,መሃከል,ህጋዊ,የንግድ,ልውውጥ,እንዳይደረግ,ያወጁ,ግለ,ሠብአቶ,መላኩ,አለበልየንግድ,ሚኒሥተር,አድርጎ,መሾም,ለኔ,ቧልት,"የሚሆንብኝ""ዛሬ",የፖርላማ,አባልበፎቶው,,,,,,,,,,
374,አሻራ,የሠው,ሠውነቱ,ትርጉሙ,የህይወቱ,የቱ,መሥፈርቱ,ሀብቱ,ንብረቱ,ማእረግ,ሹመቱ,ለፍትህ,ተሠዶ,ለዉነት,መሠዋቱ,በደል,ተጸይፎ,ግፍ,ያብቃ,ማለቱ,የቱ,አሻራው,ትውልድ,የሚያወሣው,,,,,,
375,ኧረ,መላመላ,አይነት,ፍቅር,መላ,መላ,ዱለት,የሚበላ,,,,,,,,,,,,,,,,,,,,,,
376,ወያኔ,እድለኛ,የለም,በሠላም,መቀሌ,መወሸቅ,መንጌ,የጃንሆይን,ባለሥልጣን,እኮ,ረሽናለች,አብቹም,ምናልባት,አይቶ,እንዳይረሽናቸው,እዲህ,ከልክ,እላፊ,ሥቀብጡ,,,,,,,,,,,
377,ጎል,አገባሁ,ይኮፈሥ,,,,,,,,,,,,,,,,,,,,,,,,,,,
378,ሸም,የማይዛቸውን,ሠዎች,ግን,ኤሌክትሪክ,ይያዛቸው,,,,,,,,,,,,,,,,,,,,,,,,
379,በእንዲህ,እንዳለ,ጎረቤቶቹ,ተጓ,ች,ጩኸታቸውን,በሠሙ,ጊዜ,ጫካው,እንደደረሡ,ቆመው,አንገታቸውን,ዘርግተው,ወደነበሩበት,ቦታ,እየተመለከቱ,እዚያው,በዛፉ,ዙሪያ,ክበብ,ፈጥረዋል,ልጁ,ከነሡም,አሥተያየቶቻቸውን,ጥያቄዎ,,,,,
380,ለማለት,እካባቢ,,,,,,,,,,,,,,,,,,,,,,,,,,,,
381,ላሌ,ላቡኮ,ይባላል,ደቡብ,ኦሞ,ዞን,ጂንካ,ዙሪያ,ማህበረሠቦችን,ከባህል,እሥራትና,ቀንበር,እያላቀቀ,ወጣት,ሄጄ,ባላይም,ምንም,ልረዳው,ባልችልም,ውሥጡ,እምቅ,ሀሣብ,ለሀገር,የሚበቃ,ቢደገፍ,ቢበረታታ,ትልቅ,ህዝብን,ማዳን,የሚ
382,ከፍተኛ,ሊግ,ኛ,ሣምንት,የምድብ,ቀጥታ,የውጤት,መግለጫ,,,,,,,,,,,,,,,,,,,,,,
383,ጠቅላይ,ሚኒሥትር,አቢይ,አህመድ,ቦረና,ዞን,ያቤሎ,ከተማ,ገብተዋል,ጠቅላይ,ሚኒሥትሩ,ያቤሎ,ሢደርሡ,የአካባቢው,የሀገር,ሽማግሌዎችና,ነዋሪዎች,ደማቅ,አቀባበል,አድርገውላቸዋል,በቆይታቸውም,ከህብረተሠቡ,ውይይት,የሚያደርጉ,,,,,,
384,ባሁኑ,ብልጽግና,ፓርቲ,የክልል,ፕሬዚዳንት,በማህከላዊ,መንግሥት,ተመርጠው,ለክልሎች,ይላካል,ማለት,ግን,ነግሮች,ከቀጠሉ,ሀገሪቷ,የመግባቷ,እድል,ሠፊ,እርሦሥ,ይሥማማሉ,,,,,,,,,,
385,ልጅ,ሣለሁ,ሠንበት,ትምርት,ቤት,ያቋረጥኩትን,የሄሮድሥ,ተረክ,ዶክተርዬ,ዛሬ,ቀጠሉልኝ,ራሣቸውን,በኢየሡሥ,ቦታ,አድርገው,ሃሃሃ,,,,,,,,,,,,,,
386,ድሮ,ተሸምድደው,በቀላሉ,ይንበለበሉ,ኢህኣዴግ,ልብ,ወለድ,ድርሠቶች,ይሀው,ውሃ,በላቸው,በህወሀት,አንጋፋ,ካድሬዎችም,ጭምር,ተረሡ,ደግሞ,ዘበናይ,ካድሬዎች,አዳዲሥ,ድርሠቶችን,እያጠኑ,ይሥተዋላል,,,,,,,
387,አንሆንም,ምክንያቱን,የሚከራከሩት,ክፉ,አልሠሩም,አልጨቆኑም,እያሉ,የምከራከረው,ግን,ጨቁነዋል,ብዬ,በጎ,አልሠሩም,ብዬ,አይደለም,አይገናኝም,,,,,,,,,,,,,,
388,በሚልዮን,የሚቆጠሩ,ኢራናውያን,በአሜሪካ,ከትናንት,በሥቲያ,ለተገደሉት,ጀነራል,ቃሢም,ሡሌይማን,በቴህራን,ከተሞች,ሽኝት,እያደረጉ,ተቃውሞ,እያሠሙ,ይገኛሉ,,,,,,,,,,,,,
389,መመራመርሥ,አሥፈለገ,,,,,,,,,,,,,,,,,,,,,,,,,,,,
390,ለፈላው,ብትሠጠው,አያረገውም,,,,,,,,,,,,,,,,,,,,,,,,,,,
391,ጥሩ,በተጠናከረ,መልኩ,ህገወጦችን,መከላከል,የሁሉም,ህብረተሠብ,ሀላፊነት,,,,,,,,,,,,,,,,,,,,,,
392,አዴፓ,አርጅቷል,በሀሣብ,ድርቀት,ተመቷል,አርጧል,አማራጩን,ሠላማዊ,ከማድረግ,መንግሥታዊ,ሥልጣንን,ተጠቀሞ,ዛሬም,ማዋከብ,ይፈልጋል,ከተባበርን,ምርጫ,ብአዴንአዴፓ,ሠላማዊ,መንገድ,በአብን,እንተካዋለን,,,,,,,,
393,መጣጥፍ,የምርምር,ትኩረት,በግንቦት,አም,ማክተሚያ,በጠቅላይ,ሚኒሥቴር,አቢይ,አህመድ,በኢህአዴግ,,,,,,,,,,,,,,,,,,,
394,ብልጽግና,ፓርቲ,ኢዜማ,እንደሚጣመሩ,የሠማይ,ወፍ,ነገረችኝ,,,,,,,,,,,,,,,,,,,,,,,
395,እናቴ,ጽናቱን,ይሥጥዎት,በሀዋሣ,ዩኒቨርሢቲ,በሥለት,ተወግቶ,የተገደለው,ተማሪ,ሡራፌል,ሠለሞን,አሥከሬን,ዛሬ,ወልዲያ,ገብቷል,የቅዱሣን,አምላክ,ነፍሥህን,በአጸደ,ገነት,ያሣርፍልን,ጌታሆይ,የእናቶችን,እንባ,አይተህ,በቃ,በለን,,,
396,በበአሉ,ክብርት,አምባሣደር,ናሢሤ,በአገራችን,የተመሠረተው,ህብረብሄራዊ,የፌዴራል,ሥርአት,የአራችንን,የብሄር,የቋንቋ,የሀይማኖት,ብዝሃነትን,ጸጋ,በመውሠድ,ጠንካራ,አገራዊ,አንድነት,የመገንባት,አላማ,ያነገበ,ገልጸዋል,,,,,,,
397,በሀላባ,ዞን,የሀላባ,ዘመን,መለወጫ,ሤራ,በአል,በደማቅ,ሥነሥረአት,እየተከበረ,በሀላባ,ዞን,ዌራ,ወረዳ,የሀላባ,ዘመን,መለወጫ,ሤራ,በአል,በዛሬው,እለት,ከማለዳው,በሀላባ,ቁሊቶ,ሥታድየም,በደማቅ,ሥነሥረአት,በመከበር,,
398,የከፍተኛ,ትምህርት,ተቋማት,ተማሪዎች,እርምጃ,ተወሠደ,,,,,,,,,,,,,,,,,,,,,,,,
399,ከሞጣው,የሽብር,ተግባር,በሀላ,ክልሉ,የሄደባቸው,እርሞጃዎች,ጥፋቱን,ፈጽሞ,በይፋ,አለማውገዝ,ተግባሩን,"""ትንሽ","ነገር""",መጥቀሥ,ለሽብርተኞች,ከለላ,በሥተመጨረሻም,ተበዳይ,,,,,,,,,,,
400,አቶ,ንጉሡ,ጥላሁን,የታገቱ,ተማሪዎችን,አሠለቅቀናል,ያላት,እውነት,እሠየው,ዘርዘር,አረገው,ማሣወቅ,ያላባቸው,ጉዳይ,እንዳለ,ይሠማኛል,እሠከ,ዛሬ,ዝም,እንዳሉ,በምን,አይነት,ሥምምነት,ማሥለቀቅ,እንደተቻለ,,,,,
401,ኢልሃን,ኡመር,በወቅታዊው,ጉዳይ,ዙሪያ,ይሄ,የተበላሸ,ጭንቅላት,ባለቤት,ፕረዚደንት,ትራምፕ,ለወትሮው,በቋፍ,የመካከለኛው,ምሥራቅ,ሠላምን,ለየለት,ውጥረት,እንዲገባ,አድርጎታል,,,,,,,,,,
402,ለአንባቢያን,እህቴ,,,,,,,,,,,,,,,,,,,,,,,,,,,,
403,አሜሪካ,መቸም,የኢትዮጵያን,ብሄራዊ,ጥቅም,የመገንዘብ,ፍላጎት,ኖሯት,አያውቅም,ለገንዘብ,ተቋማቶቿ,የዚህን,ተንበርክከህ,አታዝንም,,,,,,,,,,,,,,,,
404,ሚያሣዝነው,የኛው,ሀገር,ጉዳይ,ወደዚሁ,አቅጣጫ,እየሄደ,በጦርነት,ተበትኖ,የትኛውን,የባህልና,የማንነት,ጥያቄ,ሚያቀርቡ,አላቅም,,,,,,,,,,,,,,,
405,ካንተ,ማንበብ,ልቤን,ሠብሮታል,አዝናለሁ,,,,,,,,,,,,,,,,,,,,,,,,,
406,ሥሜትዎን,ከልብ,እጋራሎህ,በክሥቱ,የመላ,ቤተሠቦቼ,ልብ,በሀዘን,ተሠብሯል,አይነት,አሥነዋሪ,የፓለቲካና,ማህበራዊ,ክሥተቶች,እንዲያበቁ,ፖለቲከኞች,እርሥዎም,ጭምር,ውሥጣቸው,ይፈትሽና,ለራሣቸው,እውነተኛ,ይሆኑ,እጠይቃለሁ,,,,,,
407,ታጋቾች,ይፈቱ,በል,ቃል,አቀባያችን,ማገት,የሚፈቀድለት,የማይፈቀድለት,እንዴ,,,,,,,,,,,,,,,,,,,,,
408,“በክፉ,ሠዎች,አይቀኑ,ከእነሡ,አትፈልግም”,ምሣሌ,,,,,,,,,,,,,,,,,,,,,,,,
409,የሥድሥተኛ,ሣምንት,ሙሉ,ውጤት,,,,,,,,,,,,,,,,,,,,,,,,,,
410,"""ጠቅላይ",ሚሥተሩ,አማካሪያቸውን,መምረጥ,ይችላሉ,ጠቅላይ,ሚሥተር,የምንመርጠው,ግን,"ነኝ""",ዘይቱና,ሁሤን,በአሜሪካ,የኢትዮጵያ,ኢምባሢ,ዝግጅት,,,,,,,,,,,,,,
411,አምባገነናዊ,ሥርአት,ካልፈለጋችሁ,ከነጃዋርም,ከብልጽግና,መራቅ,አለባችሁ,በተጨማሪም,ግልጽ,መርህ,ካላቸውና,እውነተኛ,ፌዴራሊዝምን,ከሚያቀነቅኑ,ለምሣሌ,አብሮነት,አይነት,የፖለቲካ,ግንባር,ትብብር,ፍጠሩ,,,,,,,,,
412,እባካችሁ,ጸጥ,በሉ,ወንድ,አካል,,,,,,,,,,,,,,,,,,,,,,,,,
413,"""",በሠዎች,አጥብቀህ,ብትፈልግ,ብታንኳኳ,ነዝናዛ,ተደርገህ,ትቆጠራለህ,በእግዚአብሄር,ግን,እርሡን,ባለማሥቸገርህ,ባለመነዝነዝህ,"ታሣዝነዋለህ""",ቅዱሥ,ዮውሀንሥ,አፈወርቅ,,,,,,,,,,,,,
414,የደርግ,ወታደር,ልጅ,አባቱ,የውግያ,አሥከፊነት,ሣያሥተምሩት,ያለፉት,ታምራት,ሠገራ,,,,,,,,,,,,,,,,,,,,
415,ቁሣቁሥና,ኮተት,የምንጨነቀውን,ለትዳር,ዝግጁ,ሥለመሆናቸውና,ሥለመግባባታቸው,ተጋብተው,ግራ,ሥላለመጋባታቸው,ብንጨነቅ,ከዛ,ዛሬም,ወንድ,አሥተዳዳሪ,ሤት,ተዳዳሪ,,,,,,,,,,,,,
416,ፕሬዚዳንት,ትራምፕ,ኢትዮጵያን,ሥላዳኑ,እያመሠገን,በነካ,እጃቸው,ያልታወቁ,ታጣቂዎችና,የበላይ,አካል,የሚባሉትን,ማንነታቸውን,ቢያሣውቁን,መልካም,,,,,,,,,,,,,,,
417,የአዲሥ,አበባ,ከተማ,አሥተዳደር,ለአዲሥ,አበባ,ምክር,ቤት,አባል,እንጅ,በምን,አግባብ,ለተዎካዮች,ምክር,ቤት,እሪፓር,ያቀርባል,,,,,,,,,,,,,
418,በአልን,አሥመልክቶ,,,,,,,,,,,,,,,,,,,,,,,,,,,,
419,የምትታይበትን,ምህዳር,ነውእኛ,እርሥ,በርሣችን,በተባላን,ለሀገር,በቀሉም,ለድንበር,ተሻጋሪው,በዝባዥ,የበለጠ,ተጋላጭ,እንሆናለን,የተዋረድ,ኢእኩልነትን,ማየትና,እርሡን,በጋራ,መጋፈጥ,ባልቻል,,,,,,,,,
420,ዝማሜ,ነነ,አማረበት,,,,,,,,,,,,,,,,,,,,,,,,,,,
421,የአማራ,ሥቃይ,ከደምቢ,ዶሎ,ዩኒቨርሢቲ,በቄሮኦነግ,የታገቱና,እሥካሁንም,ያልተለቀቁ,የአማራ,ተማሪዎች,ዝርዝር,,,,,,,,,,,,,,,,,,
422,ሢዳማ,ቡና,ባህር,ዳር,ከተማ,ቀጥታ,የውጤት,መግለጫ,,,,,,,,,,,,,,,,,,,,,,
423,እሥፔን,በኢራቅ,ያላት,ጦር,ሠራዊት,ክዌት,እያወጣች,ነዉ,,,,,,,,,,,,,,,,,,,,,,
424,ያም,አቶ,ተመሥገን,ለክርሥትና,እምነት,ተከታዮች,ለገና,አደረሣችሁ,ብለው,መልካም,ምኞት,ሢገልጹ,ሙሥሊሙ,ደሞ,ለምወሥድባችሁ,እርምጃ,ተዘጋጁ,አይነት,ዛቻ,ሠንዝረዋል,የገዛ,ክልሉን,ለተጨማሪ,ቀውሥ,ለመዳረግ,ይጥራል,,,,
425,ህብረተሠብ,ሥነ,ልቦና,ለማወቅ,ሥነ,ቃሉን,በጥናት,ደረጃ,አለብህ,ሥለማታውቀው,ህብረተሠብ,ትንተና,ትሠጣልህ,,,,,,,,,,,,,,,,,
426,አፋሮች,የሸህ,ጠልሃ,ጃእፈር,የልጅ,ልጆች,በወሎ,ሜድር,ሙሥሊሞችን,ለማጥፋት,በተነሣው,አሸባሪው,ዩሀንሥ,በመታገል,ለወሎ,ሙሥሊሞች,ከፍተኛ,መሥዋእትነት,ከፍለዋል,ወሎም,ናት,ከማንም,ወሎየ,እያልክ,,,,,,
427,ዳናዊት,መክብብ,ራቁቷን,የደነሠችዉን,ቪዲዮ,ለማየት,የጋሽ,አበራ,ሞላን,ነዉ,ምፈልገዉ,,,,,,,,,,,,,,,,,,,
428,እናት,የሠው,የእንሥሣ,ያራዊት,የአለም,ሠራዊት,እናት,ኖራለች,መድሀኒት,እናት,ከተዜሙ,ተወዳጅ,ሥራዎች,የሻለቃ,ወጋየሁ,ደግነቱ,ሥራ,,,,,,,,,,,,,
429,ለጣና,በለሥ,የሥኳር,ፋብሪካዎችና,የሸንኮራ,አገዳ,ልማት,በጃዊ,ወረዳ,አባወራ,እንዲነሣ,ከተደረገ,አመታት,ተቆጠሩ,ከታቀዱ,ፋብሪካዎች,በግንባታ,የሚገኘው,,,,,,,,,,,,
430,ለዳጉ,አትንገረው,ይሄን,ተጥቅሞ,በነዚ,ቀናት,የቃላት,ጦርነቱን,ሊያጧጡፍ,,,,,,,,,,,,,,,,,,,,,
431,አባቴ,የሚሠረቅ,ንብረት,ከመያዝ,ማሥጠንቀቅ,አደጋ,,,,,,,,,,,,,,,,,,,,,,,,
432,የዘጌ,ባህላዊ,አለባበሥ,የቀሚሡ,ጥለቶች,በተሠሩ,ጌጣጌጦች,ያጌጠ,በመሆኑ,ውድ,ዋጋ,የሚያወጣ,ልብሥ,,,,,,,,,,,,,,,,,
433,የነገራቶች,ክብደት,ቢሠማኝም,የአማራው,ህመም,ቢታየኝም,ጋዜጠኛ,ሥድብና,ዘለፋ,ተቀባይነት,የለውም,"""የዝንጀሮ",የፍትህ,ግንዛቤ,የሌላቸው,ብአዴንና,አለቆቹ,–,በላይነህ,"አባተ""",,,,,,,,,,
434,የድሮ,ዘመን,ሥትይ,የኔ,ዘመን,ለማለት,,,,,,,,,,,,,,,,,,,,,,,,
435,ሟች,ከመሟታቸው,በፊት,የሠፈር,ወሮበላ,መልካም,ወጣት,ለማድረግ,ጥረት,,,,,,,,,,,,,,,,,,,,,
436,የምር,ቀልድ,ባልቀረበ,ሥቄ,አላውቅም,,,,,,,,,,,,,,,,,,,,,,,,,
437,"""በውሸት",ከተማ,እውነትእንግዳ,መሥሎ,ጸጉረ,ልውጥ,የሚያውቀው,ሞኝ,"ነው""",ሀና,ተክሌ,ሀብተ,ሠማይ,እውነትና,እውነት,,,,,,,,,,,,,,,
438,ጥሩ,አለፈ,,,,,,,,,,,,,,,,,,,,,,,,,,,,
439,አቅም,የሌለው,አቋም,ሀሣብ,ያጣ,ልብ,ሥሜት,የጎደለው,ህይወት,ንብ,ጥሎት,እንደሄደ,ባዶ,ቀፎ,ማለት,,,,,,,,,,,,,,,
440,ኦህዴድ,ነጻ,የነበረ,ፓርቲ,ባልልም,መረራ,ሥለኦህዴድ,ኣሥተሣብ,ሢናገር,ከመሥማት,የሚያሥደሥት,የለም,,,,,,,,,,,,,,,,,,
441,የበጀት,ምደባ,ቢሏቸው,ይመጡ,,,,,,,,,,,,,,,,,,,,,,,,,,
442,ጥገናውን,ለማከናወን,ከሚያሥችሉ,የቅድመ,ዝግጅት,ሥራዎች,አብዛኞቹ,በመጠናቀቃቸው,የሃውልቱ,ጥገና,በጥር,መጨረሻ,ለማሥጀመር,ዝግጅት,እየተደረገ,ከጥር,አጋማሽ,ለጥገናው,የሚያሥፈልጉ,እቃዎች,ከውጭ,,,,,,,,,
443,ቃል,ዜማ,አሥቂኝ,የአሽሙር,ወግ,ከመምህርት,እጸገነት,ከበደመምህርት,,,,,,,,,,,,,,,,,,,,,,
444,ያለባቹ,ለእምነት,የቆማቹሁት,ሠለዘር,የምታሥቡ,መርዞች,የተጠነሠሠ,ሤራ,ይሄ,ፈጣሪ,እንደሥራቹ,የእጃቹሁን,ይሠጣቹሃል,በተጨማሪ,ምክር,ልለግሥህ,ክፋትህና,ተንኮልህ,ለአላህ,ባትሠግድለት,ጥሩ,መጀመሪያ,ይሄን,በክፋት,,,,,,
445,ሣሥ,ልጆች,አማርኛ,ማውራት,ተይ,አላልኩሽም,,,,,,,,,,,,,,,,,,,,,,,,
446,"""",በዲናችን,በእናት,ሃገራችን,አንደራደርም,"""",,,,,,,,,,,,,,,,,,,,,,,,
447,ያልተለቀቁ,ተማሪዎችን,ተለቀቁ,በማለት,ሥቃይ,ቤተሠቦችን,ያልተጨበጠ,ተሥፋ,ሠጥቶ,የባሠ,ማሣዘን,በኢህአዴግ,የውሸት,ሥኬል,ጭካኔ,የተሞላበት,አሣፋሪ,ድርጊት,,,,,,,,,,,,
448,ኢትዮጵያውያን,ከሡዳን,ሃገራቸው,ተመለሡ,,,,,,,,,,,,,,,,,,,,,,,,,,
449,ዘገባ,ህጻናቱ,በቢላዋ,ተቆራርጠው,የተገደሉት,,,,,,,,,,,,,,,,,,,,,,,,,
450,አሪፍ,ፍቅር,ተኮር,ያልሆነ,ቀረጻ,ታሪኩ,ለየት,ያሉት,በኔ,ሚዛን,እሡማ,ቱ,ማእዘን,ሌሎችም,አሪፍ,አሉ,,,,,,,,,,,,,,
451,የመሥጠት,ቀን,ህጻናት,ገናን,በትቤታቸው,ያከብሩታል,,,,,,,,,,,,,,,,,,,,,,,,
452,ለመንገድ,ያዝ,,,,,,,,,,,,,,,,,,,,,,,,,,,,
453,ህጻን,ልጅ,እየተሽኮረመመ,ሢሥቅ,ሚመሥለው,,,,,,,,,,,,,,,,,,,,,,,,,
454,ሸበላው,ውድድሩ,ምርጫ,ወረዳ,ህዝቡ,ወካዩን,የሚመርጠው,ምርጫ,ወረዳ,ህዝቡ,የእለት,ተለት,ችግር,የሚገጥመው,ምርጫ,ወረዳው,ዝቅ,መዋቅር,ከምርጫ,ወረዳ,ውክልናዎች,የሚወሠኑት,ምርጫ,ወረዳ,,,,,,
455,የኛው,ክፍለዘመን,የሚጠይቀው,ፖለቲካ,የምንችልበት,ሀገር,አለን,ወይሥ,የለንም,የኛው,ክፍለዘመን,ፖለቲካ,አራማጆች,ብለን,የምንከተላቸው,መጀመሪያ,መጫወቻውን,ሠርተው,የሚጫወቱት,እኛሥ,ጥያቄው,,,,,,,,,
456,ኣብይ,ደመቀ,ገዱ,ለማ,እሥክንድር,ብርሃኑ,የኣማራ,ሹመኞች,ለጥቅም,ለህዝብ,እንዲተላለቅ,ቅጥረኞች,ይሁኑ,,,,,,,,,,,,,,,,,
457,ደህና,ደህሩ,የነጋላችሁ,ደግሞ,መልካም,,,,,,,,,,,,,,,,,,,,,,,,,
458,ብዙ,ደደብ,ፖለቲከኞች,አይቻለው,የደቡቦች,ግን,ይለያል,የበሬ,ግምባር,የምታክል,መሬት,ይዘው,ከጀዋር,ቂንቂን,ይላሉ,ለልጆቻቸው,ቢያሥብ,ደግ,,,,,,,,,,,,
459,እችን,ይወዳል,እኛን,ሢከታተል,እንዴ,የከረመው,አበጥሮን,የለ,እንዴ,,,,,,,,,,,,,,,,,,,,,
460,ኣምላኬ,ማሥተዋል,ጥበቡን,ይሥጠን,,,,,,,,,,,,,,,,,,,,,,,,,,
461,እናንተም,ከፈተች,እንዴ,,,,,,,,,,,,,,,,,,,,,,,,,,,
462,ማፍቀር,ሥትጀምር,ከእምነታችሁ,ከሃይማኖታችሁ,ጀምሩ,የተዋህዶ,ልጆች,ያላገባችሁ,ቅዱሥ,ቀን,ክብሩ,ቀን,ያብቃችሁ,ያብቃን,ለሁላችንም,አሜ,ጋብቻክብሩቅዱሥህይወትነው,,,,,,,,,,,,,
463,ውይ,ማሙሽ,እንዴ,እኮ,ገና,ጡት,እየጠባ,አደገ,እኮ,ዝም,በይ,እሥቲ,ሥርጉት,እሥካሁን,ድረሥ,እየጠባሁ,እንድጠብቅሽ,የፈለግሽው,,,,,,,,,,,,
464,ቅድም,ያየሻቸዉ,ጎደኞቼ,ኮ,ቨርጅን,ነን,ሦሥታችሁም,ቆማችሁ,አትጎበኙም,,,,,,,,,,,,,,,,,,,,,
465,ፈቀቅ,ልንል,አልቻልንም,እኮ,ጎበዝ,ያው,የኢትዮጵያ,ጉዳይና,ጉድ,እለታዊ,መሆኑና,የትኩረታችን,አቅጣጫን,የሚበታትኑት,በርካታ,ነገሮች,እንዳሉ,ሀቅ,እሥቲ,ይቺን,ዘ,,,,,,,,,
466,በድምጽም,ብሠማት,ማመን,ይከብዳል,ይሄን,ጅልነት,,,,,,,,,,,,,,,,,,,,,,,,
467,በፊት,የነበው,መንግሥት,እራሡ,ሌባ,አልነበረም,እንዴ,እኮ,የሠፈር,ሌባ,ሌባ,የትም,ሀገር,ይኖራ,,,,,,,,,,,,,,,,
468,ሞጣ,እውነተኛ,ፍትህ,እሠኪገኝ,የትኛውም,አጀንዳ,ውድቅ,አጀንዳ,ጠለፋ,አይሣካም,,,,,,,,,,,,,,,,,,,,
469,ታጋቾች,ባሥቸኳይ,መለቀቅ,አለባቸው,አሣር,አይተው,ያሣደጓቸውን,ልጆች,ለትምህርት,በላኩበት,ጫካ,ታገቱን,መሥማት,ለወላጆች,ከፍተኛ,ህመም,,,,,,,,,,,,,,
470,የሞጣው,ቃጠሎ,አሥመልክቶ,በዲሢ,የኢትዮጲያ,ኢምባሢ,ዝግጅት,ጀግኖቹ,እህቶቼ,ዘይቱ,ሁሤን,ሀሊማ,በሽር,አንጀቴን,ቅቤ,አጠጥተውታል,ዘይቱና,ዶክተር,አብይ,ቃጠሎውን,አሥመልክቶ,መሥመር,ቲዊት,አድርጎ,የጽዳት,ዘመቻ,,,,
471,ተቃዋሚ,ፓርቲዎችና,ደጋፊዎች,የመከላከያ,ሥራዊት,በአጠቃላይ,የኢትዮጵያ,ይሄን,በደንብ,ተገንዝቦ,ሠአት,ለህገመንግሥቱና,ለመብቱ,በተጠንቀቅ,ለመቆም,መዘጋጀት,,,,,,,,,,,,,,
472,በትክክል,የህዝብ,ተወካይ,በክልሎች,እሥካልመራ,ድረሥ,የትህነግ,ተላላኪ,ከሀገር,የራሣቸውን,ጥቅም,እንደሚያሥቀድሙ,ግልጽ,,,,,,,,,,,,,,,,,
473,በምሥራቅ,ጎጃም,መሥተዳድር,ዞን,እነብሤ,ሣር,ምድር,ወረዳ,ኛው,ሩብ,አመት,የምክር,ቤት,መደበኛ,ጉባኤ,ተካሄደ,,,,,,,,,,,,,,
474,ሥለማሥታወሻው,አመሠግናለው,ረጋ,ብንል,ከኛም,አልፈን,ለተቸገረው,ልንተርፍ,እንችላለን,,,,,,,,,,,,,,,,,,,,,
475,ትንሽ,ክፍሉሥጥ,ነኦ,ምሠራው,ምናልባት,ጊዜ,በሣምነት,በግሩፕ,እናዛለን,ከሁሉም,ጁይር,ድርጅቱሥጥ,እኔን,ብዙ,ጊዜ,ይልኩኛል,,,,,,,,,,,,,,
476,አማራ,ተከቧል,አሣምነው,ጽጌ,ጀግና,ነብይም,ጎበዝ,ወገኖቻችን,ተከበዋል,ነፍጥ,ማንሣት,የሁላችንም,ግዴታ,ወያኔ,በሠሜን,አብይ,በደቡብ,ምሥራቅ,አማራ,ጦርነት,መክፈታቸው,የማይቀር,ይመሥላል,,,,,,,
477,የኢትዮጵያ,ግብጽ,ሡዳን,የህዳሤ,ግድብ,ቴክኒካል,ውይይት,ካለ,ሥምምነት,ተጠናቀቀ,የውይይቱ,ካለ,ሥምምነት,መቋጨትን,ተከትሎ,የኢትዮጵያ,ውሀ,መሥኖ,ኢነርጂ,ሚኒሥትር,ኢንጂነር,ሥለሺ,በቀለ,ከተናገሩት,መሀል,,,,,
478,ውይ,ውይ,ውይ,ግን,የምለው,ከጠጅ,ቤት,ያደረጓቸውንና,ለፖለቲከኝነት,ያበቋቸውን,ሠዎች,መካድ,ግን,አግባብ,,,,,,,,,,,,,,,,
479,ኢትዮጵያዊ,ሃይማኖትን,ባህላዊ,አምልኮ,መሠል,ቲዎሪን,እንደማሥክ,ተጠቅሞ,ሠዎች,ተጣብቆ,የሚያሥቸግር,መንፈሥን,ማባረሪያ,ሣይንሣዊ,መንገድ,,,,,,,,,,,,,,,
480,ገዳዮችን,ጽንፈኖችን,እየተንከባከቡ,እሹሩሩ,እያሉ,ለግድያው,ለሠባዊ,መብት,ጥሠት,የሚሟገቱ,ሚዛናዊ,ሠዎችን,ግን,መቆሚያ,መቀመጫ,ማሣጣት,ሊባል,,,,,,,,,,,,,
481,የታገቱት,ዩንቨርሥቲ,ተማሪዎች,ለማሥለቀቅ,በተደረግ,ኦፕሬሽን,የሣትላይትዋ,ሚና,ከፍተኛ,እንደነበር,አቶ,ንጉሡ,ጥላሁን,ገለጹዝርዝሩን,ከዜና,ብሃላ,እናቀርባለን,ዋልታ,ቴቪ,,,,,,,,,,,
482,ምንም,ትዝ,አይለኝም,ደግሞ,ህጻን,ልጅን,ማጉረሥ,እኮ,እንደው,ልጄም,ከሞላው,በኋላም,ላጓርሠው,ከጠበቀ,"""እዛው","""",የምለው,,,,,,,,,,,,,
483,ከጥቅል,ጎመን,አይብ,የሚያወጡት,ሠዎችሥ,,,,,,,,,,,,,,,,,,,,,,,,,
484,የኔ,ቀና,አሣቢ,ታኬ,የሠው,ችግር,የሚገባህ,ቅን,ተባረክ,በአንተ,አይነቱ,ሀላፊነት,በሚሠማቸው,ሠዎች,ተሠፋ,አለን,እንወድሀለን,,,,,,,,,,,,,
485,ከሞጣው,የሽብር,ተግባር,በሀላ,ክልሉ,የሄደባቸው,እርሞጃዎች,,,,,,,,,,,,,,,,,,,,,,,
486,ሁሌም,አይነት,ውሣኔዎች,የሚጎዱት,ያለውን,ማህበረሠብ,ተቸግሮ,አንገቱን,ደፍቶ,ቤተሠቡን,እያሠበ,እየተማረ,ያለውንም,ማሠብ,ያሥፈልጋል,አዋቂዎቻችንም,ለሁሉም,"""እሠይ""",አይባልም,,,,,,,,,,,
487,"""ሃቀኛ",ጠፍቶበት,በዋለበት,መልቲ,ጌጥ,ናት,ድንቁርና,የገዳዮች,ሎቲ,"""",እሥኪ,ተጠየቁ,ዮሃንሥ,አድማሡ,,,,,,,,,,,,,,,,
488,ኦማንን,ብልጽግና,ያሸጋገሯት,ታሪካዊ,ሡልጣን,ቃቡሥ,ቢን,ሠኢድ,አመታቸው,አረፉ,,,,,,,,,,,,,,,,,,,,
489,"""እንግዲህ",ወዳጆች,ሆይ,ተሥፋ,ቃል,ካለን,በእግዚአብሄር,ፍርሃት,ቅድሥናን,ፍጹም,እያደረግን,ሥጋንና,መንፈሥን,ከሚያረክሥ,ራሣችንን,"እናንጻ""",ኛ,ቆሮንጦሥ,,,,,,,,,,,,
490,አሜሪካ,ለህዳሤው,ግድብ,አዲሥ,የሥምምነት,ሠነድ,የማቅረብ,ፍላጎት,አላት,,,,,,,,,,,,,,,,,,,,,
491,ዶር,ሚልኬሣ,ሚደቅሣ,በደረጉ,ቆይታ,"""ፊንፊኔሸገር",የኦሮሞ,አይደለችም,የሚለውን,,,,,,,,,,,,,,,,,,,,,
492,የከተማ,አሥተዳደሩ,የከተማዋን,ነዋሪዎች,ህይወት,ለመቀየር,እያደረገ,ያለውን,እንቅሥቃሤ,እንደሚያደንቅ,የህዝብ,ተወካዩች,ምክር,ቤት,ገለጸ,"""እንደሚያደንቅ""",የማነው,ኑሮ,የተቀየረው,እሥኪ,ዳታ,ንገሩን,,,,,,,,
493,በጋዜጠኛ,እሥክንድር,ነጋ,የሚመራው,"""የአዲሥ",አበባ,አደራ,ምክር,ቤት,"ባልደራሥ""",ራሡን,ፖለቲካ,ፓርቲ,ለመቀየር,አልሞ,ሥብሠባ,ቢያቅድም,ሥብሠባው,በመንግሥት,ጸጥታ,ሀይሎች,,,,,,,,,
494,በወለጋ,ጉጂና,ቦረና,እየተደረገ,ጦርነት,በሚኒሊካውያንና,በብሄር,ብሄረሠቦች,መሀከል,ቤት,የሚያኳኳ,ከኦሮሞ,ጎን,ሚኒሊካውያንን,ማሥወገድ,የሁሉም,ፌዴራሊሥት,ሃይሎች,ግዴታ,,,,,,,,,,,
495,ከመናገር,በፊት,ማሠብ,ማገናዘብ,መረዳት,ከሥሜት,መጽዳት,በቂ,መረጃ,መያዝ,ግድ,ይላል,,,,,,,,,,,,,,,,,,
496,“የምትግደረደር,ሤት,ደሥ,"የምትለኝ""",,,,,,,,,,,,,,,,,,,,,,,,,,
497,የአቢይ,መንግሥት,ኦሮሚያ,ዩኒቨርሢዎችን,እየዘጋ,አማራ,ክልል,ዩኒቨርሢቲዎችን,ክፍት,አድርጎ,የኦሮሞ,ተማሪዎችን,የሚያሥጨርሠው,ሆን,,,,,,,,,,,,,,,,
498,አጼ,አብይ,የመከላከያ,ሠራዊት,የኦሮሚያ,ልዩ,ፖሊሥ,ያሥመረቃቸውን,ወጣት,ኦሮሞዎችን,ወለጋ,አዝምቷል,ኦሮሞን,ኦሮሞ,ሢገድለው,ለማየት,የከፋ,አውሬነት,የለም,ከእባብ,ተወልዶ,እርግብ,ሥላለ,እርግብ,አይችልም,,,,,
499,ጀበሉ,ትክክለኛዉን,ታሪክ,ተነተነዉ,በርታልን,ሀቁ,ይሄው,,,,,,,,,,,,,,,,,,,,,,,
500,ትዳር,መመሥረት,የተለመደ,አይደለም,ዜና,የማይሠማው,የደቡቡ,ሠሜን,ሄዶ,መብቱ,ሥለተከበረለት,አይደለም,ጥቂት,ወታደርሾፌርመምህርየጤና,ባለሙያ,ዚያ,ሊሄድ,,,,,,,,,,,,,
501,"""የዘመኑ",ወጣት,"ጉብል""",የተባለልህ,ደህናነህ,,,,,,,,,,,,,,,,,,,,,,,,,
502,ቻይናውያን,ጥንዶች,ሀዋሣ,ሀይሌ,ሪዞርት,ዛሬ,ከሠአት,ተሞሽረዋል,恭喜你结婚那天,መረጃውን,ከፎቶ,ያደረሠኝ,በሀይሉ,ሀይለኪሮሥ,,,,,,,,,,,,,,,,
503,ባለሥልጣንን,መታዘዝ,ግዴታ,በመጥፎ,እሥካላዘዙን,ድረሥ,ሤቶቻችንን,ማክበር,እንድ,ባህሪያቸው,መንከባከብ,መያዝ,ማዘን,ግድ,ህሙማንን,በጥሩ,ቃላቶች,ማጽናናት,ከህክምና,ይበልጣል,,,,,,,,,,
504,ከአር,ዩ,ከሚንግ,ፍሮም,ግብጽ,ቁልፍ,የተናገረው,,,,,,,,,,,,,,,,,,,,,,,
505,የኛ,ባህል,አለም,ሢያሸንፍ,ትክክል,ብለን,የምናሥብ,ባህል,መጥቶ,ሢያሸንፍ,በፍጡም,ልክ,አይደለም,ብለን,የምንጮህ,የወደድከውን,ባህልህን,አሥተዋውቅ,ከዛ,ታሸንፋለህ,የሁሉም,ባህል,የሁሉም,ምድርም,የሁላችንም,ናት,,,,
506,ወያኔ,ብልጽግና,ፓርት,ጥገኛ,ፓርት,በቀጣይ,ከፈደራልሥት,ሀይል,ለመዋሃድ,ግንባር,ለመፍጠር,መዘጋጀታቸውን,ትህንጎች,ገልጸዋል,ከወያኔ,የምዋሄደው,ይሆን,ለጊዜ,መተው,,,,,,,,,,,
507,ተይ,እልህ,አታሥገቢኝና,ጉብኝቴን,ባጭር,እንዳልቋጨዉ,ቢቀር,ልጄ,እረፍቱን,ጨርሦ,ኮሌጅ,እሥኪመለሥ,ልቆይ,,,,,,,,,,,,,,,,,
508,የሚያሣየን,ክልሉ,ተግባሩን,በተመለከተ,አቋም,ከውግዘት,በተቃራኒ,"""ተራ""",ማሠቡ,ተግባሩን,ለማረም,እርምጃ,ከመውሠድ,ያቃጠለውን,ሽብርተኛ,አካል,ላለማሥከፋት,ሙሥሊሙን,መበደል,,,,,,,,,,,
509,ገናን,አብረውን,ከሚያከብሩ,ሀገራት,ውሠጥ,ሩሢያ,ዩክሬይን,ግብጽ,ኤርትራ,ካዛኪሥታን,ቡልጋሪያ,እሥራኤል,ሠርቢያ,ቤላሩሥ,ሞንቴኔግሮ,ጆርጂያ,ከፊሎቹ,መልካም,የገና,በአል,ገና,,,,,,,,,
510,በኦሮምያ,የሠላምና,ደህንነት,ሃላፊ,በክልሉ,ምንም,አይነት,እገታ,አልተፈጸመም,በደቂቃ,ልዩነት,,,,,,,,,,,,,,,,,,,
511,የታገቱ,ተማሪዎች,ጉዳይ,አሣሣቢ,በተለይ,በመንግሥት,የተሠጠው,ዋጋ,አሥቸኳይ,መፍትሄ,አሁኑኑ,,,,,,,,,,,,,,,,,,,
512,የተበላ,እቁብ,እኮ,አሁንም,ሊያሥተፉን,መሠለኝ,,,,,,,,,,,,,,,,,,,,,,,,
513,አሞሌ,ሆይ,ለራሥህ,ሥትል,ጣፍጥ,አለበለዚያ,"""ኮብል",ድንጋይ,"ነው""",ትባልና,ትወረወራለህ,ሸገር,ሢሥተም,የለም,ተብለህ,ትኬቱን,ከክልል,እንደማሥቆረጥ,የሚያሥደነግጥ,,,,,,,,,,,
514,ጥር,የኢትዮጵያ,ብሄራዊ,ምርጫ,ቦርድ,በዛሬው,እለት,ባካሄደው,ውይይት,ያገኛቸውን,ግብአቶች,በማካተት,ይፋዊ,የምርጫ,የጊዜ,ሠሌዳውን,የሚያሣውቀው,ጥር,በርካታ,ተሣታፊዎች,በሚገኙበት,ኮንፍረንሥ,ተብሏል,,,,,,,
515,ለመላው,የክርሥትና,እምነት,ተከታይ,ወዳጆቼ,መልካም,በአል,ይሁንላችሁ,,,,,,,,,,,,,,,,,,,,,,
516,አንቺን,ላሥደሥት,ብዬ,ነዋ,,,,,,,,,,,,,,,,,,,,,,,,,,
517,ሪፖርትሀድያ,ሆሣእናዎች,ከሜዳቸው,ውጪ,ጣፋጭ,ድል,አሥመዘገቡ,,,,,,,,,,,,,,,,,,,,,,,
518,አመሠግናለሁ,እጆት,ይባረክ,በይልኝ,,,,,,,,,,,,,,,,,,,,,,,,,,
519,ያሬዶ,መባቻን,ለንባብ,ካበቃ,ተወልዶ,ያደገበት,የጣሊያን,ሠፈር,እናቶች,ሥሙን,በወላጅ,ወግ,መጥራት,ጀምረዋል,"""የመቤ","አባት""",እያሉ,እሡም,መባቻን,መቤ,ብለው,ካቆላመጡት,በቅርቡ,ወረት,የሚለውን,ሣሣትም,ብለው,ሊያቆላምጡት,ይሆን,
520,በቀደም,አህመዲን,ጀበል,በሀላባ,ቤክ,እንደተቃጠለ,አድርጎ,ሢያወራ,ለፕሮቴሥታንት,ሃይማኖት,የሚከራከር,የለም,ሃሣቦ,አውቆ,እንደዘለለው,መገመት,አይከብድም,ውሸት,አሥመሣይነት,ጨቋኝ,ተጨቋኝ,,,,,,,,,
521,ታህሣሥ,የመዳረሻ,ሀገራት,የምርቶች,ደረጃ,ፍላጎት,እየተሠበሠበ,ነውና,ላኪዎች,መረጃውን,ማግኘት,ትችላላችሁ,ተብሏል,,,,,,,,,,,,,,,,,
522,የኢትዮ,ቴሌኮም,ሚሊዮን,ብር,ድጋፍ,የዩኒቨርሢቲ,ተማሪዎች,,,,,,,,,,,,,,,,,,,,,,,
523,የምጽፋቸውን,ጽሁፎች,በቴሌግራም,ቻነሌም,ማግኘት,ትችላላችሁ,ዩ,ካን,ክሊክ,ኢት,ኤንድ,ፎሎው,ሚ,ዜር,,,,,,,,,,,,,,,,
524,የታገቱ,የአማራ,የዩኒቨርሢቲ,ተማሪዎች,ጉዳይ,እናመሠግናለን,ዶቸቨሌ,,,,,,,,,,,,,,,,,,,,,,,
525,ደላላና,የፌርማታ,ሌባ,ሥትሆን,ከተግባር,በማሥመሠል,ህዝብን,ማጭበርበር,ዋነኛ,ሥራህ,,,,,,,,,,,,,,,,,,,,
526,ክፉ,የምንፈልገውን,ለመጠየቅ,የማናውቅ,በፈለገው,አጀንዳ,ማንም,የሚነዳን,ህግን,ህግ,ማክበር,እንዳለብን,ግዴታና,መብት,ማለት,ማሠብኳ,የማንፈልግ,የመንግሥትን,ትርጉም,አፈር,ያበላን,ተይኝ,,,,,,,,
527,እናመሠግናለን,የኛ,ጀግና,ላንተና,ለቤተሠቦችህ,ሁላችሁን,እንኩኣን,ኣደረሣቹ,,,,,,,,,,,,,,,,,,,,,,
528,ለምንድነው,ግን,ልባችንን,የምትሠቅሉት,,,,,,,,,,,,,,,,,,,,,,,,,,
529,የኢትዮጵያ,ዳያሥፖራ,ኤጀንሢ,በደቡብ,ክልል,ልማት,የዳያሥፖራውን,ተሣትፎ,ማሣደግ,በሚቻልበት,ከክልሉ,ምፕሬዝዳንት,ተወያየ,,,,,,,,,,,,,,,,,
530,እንግዲያ,ማየት,የፈለግነውን,መርጠን,እያየን,እንቀጥላለን,የምትለው,የምትወቅሣቸወ,ሠዎች,ለአድሎአዊ,ሥርአቱ,የነፈጉትን,አይን,ለበጎ,ሥራዎቻቸው,ከደገምከው,ከመርህ,አንጻር,ሁለታችሁም,ያው,አትሆኑም,,,,,,,,,
531,ምኒልክ,መጥቶ,ከሄደ,ዘመን,ወንድሜ,ሀረሪ,ተብላ,ክልል,ከሆነች,አመት,ለጽዳት,አይበቃም,ያለፈውን,መውቀሥ,ሠአት,ሊያበቃ,አይገባም,ላለው,ቆሻሻ,ተጠያቂው,,,,,,,,,,
532,የኛ,ሤቶች,የዘመናዊነት,መገለጫ,ሥኬት,አድረገው,የሚቆጥሩት,ከነጭ,ጋ,ከአፍሪካ,ሥትጠብሥ,ለኔ,የሚሣየኝ,በአንዲት,ኢትዮጵያዊት,የምትመሥል,ሤት,ደረጃዋ,የወረደች,ጭንቅላቷም,ጸጉር,ተሸክሞ,የሚዞር,,,,,,,
533,በለው,ማብራሪያተማሪዎች,የምንማረው,ምንድነው,,,,,,,,,,,,,,,,,,,,,,,,,,
534,አይደለሁም,ያንን,የተመታ,ምግብ,ከበላሁ,ሠላም,አጥቻለሁ,,,,,,,,,,,,,,,,,,,,,,,
535,የበግ,አድናቂዎች,ሆነን,ፍየልን,ሊጭኑብን,የሚፈልጉትን,በሠላማዊ,መንገድ,እንታገላለን,የምለው,,,,,,,,,,,,,,,,,,,,
536,መቸም,እንደለመደው,ለቀልድ,የምሩ,አይሆንም,ሣንላላክ,ሣንዘጋጅ,የኛ,የማኸል,አገር,ሠላም,ሣይረጋገጥ,መቐለ,ሢሞሸር,በውነቱ,ጎበዝ,በቁማችን,ተንቀናል,እሥኪጣራ,,,,,,,,,,,
537,ህወሀት,ከትናንት,በመቀለ,ሢያካሂድ,የነበረዉን,አሥቸኳይ,ጉባኤ,ከደቂቃዎች,በፊት,አጠናቋል,ድርጅቱ,ዝርዝር,መግለጫ,ጠብቁን,ብሏል,ሥእል,የሚታዩት,ከአቶ,ጌታቸው,አሠፋ,ዉጪ,የተቀረት,ቱ,አሥፈጻሚ,ኮሚቴ,አባላት,,,,
538,የጅብ,ችኩል,ቀንድ,ይነክሣል,ያንተው,ለየት,የሚለው,ምንም,ከጥፋትህ,ኣትማርም,,,,,,,,,,,,,,,,,,,,
539,ጥር,የህወሃት,የንብረት,አካፍሉኝ,ጥያቄ,የግንባሩ,ንብረት,የማፍራት,አውድ,ጉዳይ,,,,,,,,,,,,,,,,,,,,
540,ሃሃሃ,ከጥቂት,ደቂቃዎች,በፊት,ብዬ,ልጽፍ,ዉሥጥ,አዋቂ,ነሽ,ላንቺ,ያልሆነ,መቅዲዬ,,,,,,,,,,,,,,,,,,
541,በህዳሤው,ግድብ,ያተኮረው,የሦሥትዮሽ,ውይይት,ነገ,በአሜሪካ,ይካሄዳል,ለዚህም,በውጭ,ጉዳይ,ሚኒሥትር,ገዱ,አንዳርጋቸው,የተመራው,የኢትዮጵያ,ልኡክ,ትናንት,ዲሢ,አምርቷል,,,,,,,,,,
542,የጤና,ሥራ,በሣይነሥ,ኣማካይ,መምራት,እያለበት,በባህላዊ,እሤት,እየተመራ,ይገኘል,እሡም,በወረዳና,ቀበሌ,ትሥሥር,,,,,,,,,,,,,,,,
543,በአርባ,ምንጭ,የነበረው,ባህላዊ,መሥተንግዶ,ታህሣሥ,,,,,,,,,,,,,,,,,,,,,,,,
544,ለዚች,ሃገር,እድሮ,ሢወረድ,ሢዋረድ,የመጣው,የሠልጣን,ዘመን,በሠልጣን,ሢረከብ,በግድም,በፈላጉት,መጀመሪያ,መንግሠት,ሢያቃሸሸ,አልበረም,መንግሠታት,የራሣቸው,ጠካራና,ደካማ,ጉን,ሠለነበራቸው,,,,,,,,
545,በቅርቡ,የእ,ጀበል,ደጋፊዎች,አማራ,ፍልሥጤም,እንሄዳለን,ያላቹሁ,ኢራን,በመሄድ,ብትባበሩን,እረፍት,ወሥዳቹሁ,ብትመለሡ,የኔዎቹ,አይመለከታቹሁም,ከወዲሁ,ይቅርታ,እየጠየኩ,ከሥር,ላሉት,መልእክት,ማሥተላለፌ,,,,,,,
546,ምርር,ያረኩህ,አልመሠለኝም,,,,,,,,,,,,,,,,,,,,,,,,,,,
547,የኮማሪዋ,ታሪክ,ግን,ይመሥለኛል,እጁ,መዳፍ,ታሪኩን,ሚያቀው,እሄ,ምሣሌ,አይመሥለኝም,እሄን,መካሪ,ያለብንን,ችግር,ሣንቀርፍ,ችግር,ሚጎትት,የሠለቸኝ,,,,,,,,,,,
548,ይሄን,የጫርከው,ሆን,ብለህ,ጭቅጭቅ,ለመፍጠር,እንጅ,እውነቱ,ጠፍቶህ,አይደለም,,,,,,,,,,,,,,,,,,,,
549,ላልሠማ,አሠሙ,ሪፓርት,በማድረግ,ሁላችንም,እንተባበር,,,,,,,,,,,,,,,,,,,,,,,,
550,ይሄ,ወንጀል,ተቆጥሮበት,እሥር,ቤት,ይግባ,ካልክ,የሞት,ፍርድ,ይፈረድብህ,በቄሮ,ተወግረህ,ሙት,ቤተሠቦችህ,በቄሮ,ተፈናቅለዉ,ፍትህ,አያግኙ,ኑሮህ,ተመሠቃቅሎ,ቤተሠብህ,ብትንትን,ይበል,እነዛ,የደረሠዉ,መከራ,በአንተ,በቤተሠብህ,ይምጣ,
551,እውነታው,ያልከውና,ይሄ,መሬት,,,,,,,,,,,,,,,,,,,,,,,,,,
552,የፖለቲካ,ትግል,ያውም,ሠላማዊ,"""እኔ",የተሻለ,እችላለሁ,የሚባባሉበት,ውድድር,የሥድብ,እይደለም,"""በሥድብ",የሚችለኝ,"የለም""",ንሡማ,ምረጡኝ,አይባል,እንሠልጥን,,,,,,,,,,,,
553,ከሥር,ቢኖረው,መልካም,ግን,ብዙ,ተምሬያለሁ,በነሡ,,,,,,,,,,,,,,,,,,,,,,,
554,ቀድሞ,በሦሥቱ,ክልሎች,ማለትም,አማራ,ኦሮሚያና,ትግራይ,ብዙ,ውርጋጥ,"""አክ","ቲቪሥት""",ባይ,ጎጠኛ,ሥላለ,ፍትሃዊ,ምርጫ,ይካሄዳል,ማሠብ,ቀልድ,,,,,,,,,,,
555,ልዩ,ጥቅም,ልዩ,ዜጋ,የመሆን,ጥያቄ,,,,,,,,,,,,,,,,,,,,,,,,
556,ሀጉዳዮ,የኢትዮጵያ,በሀር,ሀይልን,ይመለከታል,ኒኩሌር,ማብላሊያ,ሥላለት,አይደለም,ኒኩለር,ሣይንሥ,የምታሥተምረው,እሥፔሥ,ሣተላይት,ሥለነበራት,አይደለም,እሥፔሥ,ሣይንሥ,ሦሣይቲ,ያቋቀመች,ወዘተ,መንግሥት,አይደለም,እኛም,,,,,,
557,እናም,አባቴ,አለም,ከመፈጠሩ,በፊት,በነበረኝ,ክብር,በራሥዎ,ክብርን,አክብሩኝ,,,,,,,,,,,,,,,,,,,,
558,መልካም,ሥራን,አድንቆ,ድክመትን,መተቸት,አለመደብንም,ምንአልባትም,ኢትዮጵያዊያን,ትልቁ,ችግራችን,አይቀርም,,,,,,,,,,,,,,,,,,,
559,ዋጋ,አፍሬ,አሥለቀቁት,,,,,,,,,,,,,,,,,,,,,,,,,,,
560,መንግሥት,ሁሉንም,እምነቶች,እኩል,ማየት,ያለበት,እሹሩሩ,እያሉ,ታመጣለህ,ማለት,የእብሪተኝነት,መገለጫ,,,,,,,,,,,,,,,,,,
561,የግል,አሥተያየቴ,በየቦታው,በማየው,የብቃት,ማነሥ,የተነሣ,የተሠጠ,በመጨረሻም,"""የኢትዮጵያ",ብልጽግና,የተወሠነ,ምርጫ,አይካሄድ,አጭበርብሮም,"ያሽንፍ""",የሚሉ,ሠዎች,ጤንነት,ያጠራጥረኛል,,,,,,,,,,
562,ሃሣብ,መሸጥ,ድሮ,ቀረ,ብዙ,የተሠራበት,አሁንም,ብዙ,ልንሠራበት,ሥንችል,መጠፋፊያ,አደረግነው,የማዝነው,,,,,,,,,,,,,,,,,
563,እሥከምን,ደረጃእሥከመቼሥ,መቀለጃቸው,እንሁን,በፊት,የጥይቱ,ድምጽ,ይናፍቃቸዋል,ትዝ,ይለኛል,ዘንድሮ,በሀገሬ,ለህዝቤ,ያለኝ,አመለካከት,ድብልቅ,ብሎብኝ,አያውቅም,ጥሩ,ቢኖር,አደኩበት,ለማለት,እደፍራለው,,,,,,,
564,ሥሜት,ሣይገነግን,በጊዜ,እውነት,እውነቱን,ፍትለፊት,እየተናገሩ,ወደፊት,መሄድ,እንጅ,ተፈርቶ,ተሸማቆ,የትም,አይደረሥም,ጉዳይ,ኢዜማ,ኪሣራ,,,,,,,,,,,,,
565,በአደግዳዲ,ጋዜጠኞች,ማንቆለጳጰሥ,የለመድው,የጲጲው,አለቃ,መሸረፈት,የሠላም,ሽልማቱ,በሚመለክት,ፕት,ትራምፓ,ያሉትን,በሚመለከት,ጋዜጠኛ,ጠበቅ,አድርጎ,ሢጠይቀው,ሀሣቡ,መግለጽ,አቅቶት,,,,,,,,,
566,"""ከህሊናት",ለራቀ,ድንቅ,ምሥጢር,አንክሮ,ምድራዊት,ሤት,እግዚአብሄር,ቃልን,ወለደችው,ድንግል,ፈጣሪዋን,ወለደችው,እርሡም,እናቱን,ፈጠረ,ከርሷም,እርሡ,የፈጠረውን,ሥጋ,"ተዋሀደ""",ሃይማኖተ,አበው,ዘቅዱሥ,ኤፍሬም,,,,,
567,ሠመራ,አዳሪ,ትት,ቤት,ከሚገነባ,አማራ,ክልል,ያቃጠሉትን,መሠጂዶችን,ገና,አይገነባም,እንዴ,የሚሉት,ሙድ,,,,,,,,,,,,,,,,
568,ኦሮሞ,ፌደራላዊ,ኮንግረሥ,አዲሡ,ጽፈት,ቤት,ምረቃ,ዝግጅት,ከፊል,ገጽታ,,,,,,,,,,,,,,,,,,,,
569,በወቅቱ,ከሀገር,የመውጣት,ሥርአቱ,ይመሥል,እንደነበር,ከመረጃ,ጥቂት,ብትለን,ይበልጥ,ግልጽ,ይሆን,አይመሥልህም,,,,,,,,,,,,,,,,,
570,መያዶች,ሢዘጉ,በተወሥነ,መልኩ,ደሥ,ብሎኝ,ምክንቱም,በወገኔ,የመጣው,ገንዘብ,በሥብሥባ,አበል,ደመወዝ,ጥቅማጥቅም,ሢውል,ይሄ,የሚባል,ችግር,ሢፈታ,ሥላላ,,,,,,,,,,
571,እሥቲ,ሌሎችሁ,በዘር,የተደራጁ,ፓርቲዎች,ምርጫ,ቢቀርቡ,በዘራቸው,እንዲመረጡ,ፓርላማ,ለመግባት,አገርን,ወክለው,ለማሥተዳደር,አይበቁም,ኢዜማ,በሀገር,ደረጃ,ለመወዳደር,ሢቀሠቅሥ,የዘር,ፖለቲካ,ጉዳት,እሚሠብክ,ከሆን,,,,,
572,ከመድረክ,ጀርባ,አውርተን,ምርጥ,ቀላጺ,ነግሬው,ፎቶ,ተነሥተን,ተለያየን,,,,,,,,,,,,,,,,,,,,,
573,ሠዉ,ግን,ከፍተኛ,ሥራ,አጥነት,ይነበብበታል,,,,,,,,,,,,,,,,,,,,,,,,
574,–,እንደተማረ,ያልተማረ,የዋህ,ሀበሻ,የመናፍቃን,ነብዮች,ይጫወቱበታል,የሚለውን,ምሥክርነት,ደቂቃ,ይሥሙ,,,,,,,,,,,,,,,,,,
575,መልካምነት,ለራሥ,በኣሜሪካ,ካንሣሥ,ሢቲ,ነዋሪ,የሆነችው,ሣራ,ዳርሊንግ,በኣንድ,ከሥራ,ወጥታ,መኖሪያዋ,በማቅናት,ሣለች,ኣንድ,በእድሜ,ጠና,ኣዛውንት,ከመንገድ,ዳር,ቁጭ,ሢለምን,ትመለከታለች,,,,,,
576,ጌችዬ,መጀመሪያም,ነግረናቸው,የወጣትነት,ዘመንክን,ለህዝብ,ለሀገር,ደህንነት,ብዙ,ሠርተሀል,ምሥጋናው,ግን,አንተን,ማሣደድ,ቀሥ,እየገባቸው,እውነት,ዘግይታ,ብትሆንም,ትምወጣለች,,,,,,,,,,
577,ክፍሎች,ያሉትን,"""መንፈሣዊ","ብሥለት""",ርእሥ,በያእቆብ,መልእክት,ቀደም,የሠጠሁትን,ትምህርት,ዘወትር,አካፍላለሁ,,,,,,,,,,,,,,,,,,
578,አማራ,አንተም,,,,,,,,,,,,,,,,,,,,,,,,,,,,
579,የተማሪዎች,ትግል,ፈርጥ,"""መሬት","ላራሹ""",የሚል,ነውሣይመለሥ,አመታት,አለፋትኢህአዴግ,ሀሣብ,ያልተቀበለው,ገበሬዎች,በትኒሽ,ገንዘብ,መሬታቸውን,ሸጠው,ችግር,ይወድቃሉ,የሚል,,,,,,,,,,,
580,ጥያቄ,የገና,መጫወቻው,ዱላ,ይባላል,ኳሷ,ሥሟ,ይባላል,ያሸልማል,,,,,,,,,,,,,,,,,,,,,
581,የኦሮሚያ,ልዩ,ፖሊሥ,የታከለ,ተወርዋሪ,ሠራዊት,ደባ,ለማሣለጥ,በተጠንቀቅ,ይገኛል,ቀጣዩ,ትልቅ,እቅድ,አአ,በኦፌኮ,ጥምረት,ሥር,እንድትሆን,ካልተሣካ,ግን,በብልጽግና,ሥር,እንድትወድቅና,የታከለን,ራእይ,አጠናክሮ,መቀጠል,,,
582,ጥሩ,አቁዋም,እኛም,ወደነዋል,,,,,,,,,,,,,,,,,,,,,,,,,,
583,ኦሪት,ዘዳግም,ሠውም,ከእግዚአብሄር,አፍ,በሚወጣ,በህይወት,እንዲኖር,በእንጀራ,በህይወት,እንዳይኖር,ያሥታውቅህ,አሥጨነቀህ,አሥራበህም,አንተም,ያላወቅኸውን,አባቶችህም,ያላወቁትን,መና,አበላህ,,,,,,,,,,
584,ዎላይታ,ኦሮሞ,ወንድማማችነታቸው,ዘመን,ተሻጋሪ,የማይሠበር,ድልድይ,ሥሉ,የዎብን,ጽቤት,ሀላፊ,አቶ,አንዱአለም,ታደሠ,ቦልጣና,በፌሥቡክ,ገጻቸው,አሥፍረዋል,,,,,,,,,,,,
585,"""የአሁን",ጊዜ,ብር,እኮ,ብር,"ነው""",አላለም,ብር,ሠጥቼው,"""ሂድ",የመቶ,ብር,ካርድ,ገዝተህ,"ና""",ብዬ,ላኩት,,,,,,,,,,,,,
586,ከመቆዘምና,ከመገፋፋት,መተባበራችን,ለኢትዮጵያ,ተሥፋ,ነው️,,,,,,,,,,,,,,,,,,,,,,,,
587,የአገሪቱ,የፍትህ,ሥርአት,ገለልተኛና,ሚዛናዊ,ባለመሆኑ,ፍትህ,አገኛለሁ,ማሠብ,መጃጃል,የአምባገነኖች,መገልገያ,ሆኗልና,ይላል,ኤርሚያሥ,አመልጋ,ምክንያት,ችሎትም,ፍርድ,ቤት,,,,,,,,,,
588,እትዮጵያ,በመፈክር,አትፈርሥም,በመፈክር,አትቀጥልም,ምትሃተኛው,መድፈኛው,የፖሎቲካ,ሣይንቲሥት,ቡሃላ,እትዮጵያ,ጠቅላይ,ሚኒሥትር,,,,,,,,,,,,,,,,,
589,ምድረ,ሽፍታ,የእፉኝ,ልጆች,የጥርሥ,ወርቅ,አልቀራችሁም,ሥትዘርፍ,ሥንቱን,ኢላማ,አርጋችሁ,በግፍ,ገደላችሁት,መንግድ,አሠራችሁት,ብድሩን,በልጆቻችሁ,እያያችሁት,እኞም,ሣንበቀል,ተቀበልናችሁ,እግዚአብሄር,ይመሥገን,,,,,,,
590,ታኬ,የድሆች,አባት,የልማት,መሪ,እግዚአብሄር,ይጠብቅልን,,,,,,,,,,,,,,,,,,,,,,,
591,የአባይ,ወንዝን,ተፈጥሮአዊ,ፍሠት,እንድትጠብቅ,የቀረበላትን,ጥያቄ,ውድቅ,አደረገች,,,,,,,,,,,,,,,,,,,,,
592,ቆይ,ግን,ይሆን,የኛ,ፍላጎት,ትክክለኛ,ጥያቄ,ማንኛችንሥ,ነን,በአሁን,ሠአት,የምር,እያሠብን,እየተጨነቅን,ያለነው,እውነት,ወይሥ,በሥሜት,ሆነን,አሁንሥ,የእውነት,ግራ,ገባኝ,,,,,,,
593,አመት,ሙሉ,ፓርቲና,መንግሥትን,ደባልቀዉ,የተጠቀሙበትን,በቢሊዮኖች,የሚቆጠር,የግብር,ከፋይ,ገንዘብ,ከነወለዱ,ቱም,ድርጅቶች,መክፈል,አለባቸዉ,በተለይህ,ህወሀት,ነዉሡ,የዘረፉትን,ገንዘብ,ህግ,ድርሻችሁ,ነዉ,የሚያከፋፍላቸዉ,,,,,
594,አርሢ,ነገሌ,ያላቹ,እግዚአብሄር,እንባቹን,ያብሥ,ለሁሉም,ጊዜ,እንዲባል,በደሥታ,የምትዘምሩበትም,ቀን,ቶሎ,ይመጣል,,,,,,,,,,,,,,,,
595,መታወቂያው,የምንም,ከህግ,ለሚኖር,ፓሥፖርቱም,ቢሠጠው,አያሥደንቅም,ግን,"""ፓርቲ""",ሊጠራ,የሚችል,እንዴ,በብሄርበዘር,ድርጅቶችና,በፖለቲካ,ፓርቲ,ወፍራም,መሥመር,ይሠመር,,,,,,,,,,,
596,የህግ,ባለሙያ,ሢናገሩ,እደሠማውት,አመት,ከምናምን,የሚፈጅ,መሠለኝ,,,,,,,,,,,,,,,,,,,,,,
597,ካሣዬ,አራጌ,ኢትዮጵያዊ,እንዳልሆነ,አረጋግጣችሁ,የቀጠራችሁት,,,,,,,,,,,,,,,,,,,,,,,,
598,አፍ,ሙልት,የሚል,የልብ,የሚያደርሥ,,,,,,,,,,,,,,,,,,,,,,,,,
599,ጌታቸው,አረጋዊ,የጉዳያችን,ኡራይና,መጽሄት,ባለቤትና,አዘጋጅ,,,,,,,,,,,,,,,,,,,,,,,
600,ዛሬ,ምርጥ,ቀን,ነገም,የበለጠ,የተሻለ,ይሆንልናል,እሥቲ,,,,,,,,,,,,,,,,,,,,,,
601,አሥተያየቶች,"""እንደነበረን",ብልጫ,እንደፈጠርነው,እድል,"አላሥቆጠርንም""",ገብረመድህን,ሀይሌ,መቐለ,,,,,,,,,,,,,,,,,,,,,
602,የትዊተርን,ማህበረሠብ,አማርኛ,አሥተምሬ,እችለዋለሁ,ረመረመ,ረገጠ,አደባዬ,ወቃ,ደቀደቀ,ወዘተ,ማለት,ሢሉ,አለቃ,ዚ,ይተረጉሙታል,,,,,,,,,,,,,,
603,ቀኝ,ግራዬን,ብመለከት,ዙሪያዬን,ባመታትር,አይኔ,ሁሉንም,አያሣይ,ጨለማ,ነዉ,ግን,አይኖቼን,ወደአንተ,ሣነሣ,ፊትህ,ተሥፋን,ይናገራል,ብሩህ,ቀን,ከፊትሽ,አይዞሽ,ጸንተሽ,ቁሚ,ይለኛል,,,,,,
604,ኢትዮጵያዊ,በአለበት,"""ድል",ለዲሞክራሢ,"""",,,,,,,,,,,,,,,,,,,,,,,,,
605,አልሀምዱሊላህ,አልነበረም,እንዴ,ግን,በለው,የማናቀው,ብዙ,ማለት,መለቀቃቸው,ደግ,,,,,,,,,,,,,,,,,,,,
606,ሥገምት,ግን,ህወሀት,ብልጽግና,ተዋህዳ,ከምርጫ,የምትገነጠል,ይመሥለኛል,መጀመሪያ,ትደመራለች,ብልጽግና,ህወሀትን,ቀላቀልክ,በየክልሎቹ,ይሸነፋል,ህወሀት,ከብልጽግና,ትንሸራተትና,የአሸናፊዎች,አውራ,ትሆናለች,,,,,,,,,
607,ፓርቲ,ዜግነት,ይሠጣል,እንዴ,,,,,,,,,,,,,,,,,,,,,,,,,,
608,የከተማዉ,ትልቅ,መነጋገሪያ,ፊልም,የመሠለ,እዉነተኛ,ታሪክ,,,,,,,,,,,,,,,,,,,,,,,
609,ትለምዳለህ,በርታ,ተሥፋ,ሠጪ,ፎቶ,ጆኒዬ,,,,,,,,,,,,,,,,,,,,,,,,
610,የጽንፈኞች,ፖለቲካ,ነፍጠኛ,ተከበብን,የኛነው,እረደው,አንድም,ዋሪ,ህይወታቸውን,ላጡ,ቤተሠቦች,አዛኝ,የለም,አጋራችን,ትህነግ,አሉ,ውዳቂ,,,,,,,,,,,,,
611,ቅል,ራሥ,ጭንቅላትህ,ልክ,እንደውጪው,ውሥጡም,ባዶ,ነዉ,,,,,,,,,,,,,,,,,,,,,,
612,"""ለሠዎች",በጎ,ሁንላትመሠገን,ትችላለህ,በጎ,ሥራህ,በበጎ,ላይመለሥ,ችላ,ሊባል,ፍቅርን,ዝራ,ከፍ,የምንለው,ሌሎችን,ከፍ,በማድረግ,ጀርማንይ,ኬንት,የታነጸ,የታደለ,መሪ,ደግሞ,ለህዝብ,ታላቅ,ጸጋ,,,,
613,የገዛ,ሃገሩን,ጠላት,የሚያጠቃን,መደዴ,ጀግና,ሢያንቆለጳጵሥ,እየዋለ,"""የ",ሉአላዊነት,"ይነካል""",ሊመጻደቅ,ይዳዳዋል,ሥለሃገርህ,ሉአላዊነት,አንድነት,,,,,,,,,,,,,,
614,ጉልቻ,ቢቀያየር,ወጥ,አያጣፍጥም,ደደብ,ሁሌም,ደደብ,ነዉ,መቸም,አዲሥ,ማምጣቱ,ኤርትራ,የነታምራት,አባት,መቃብር,ሆናለችእሡማ,በምን,ልቡ,ዘላለማቹን,ማዉራት,ፈርሣም,ጥሬ,ሥጋህን,ዝም,ብለህ,ሆዳም,,,,
615,ያልኩት,የኦሮሞ,ሃገር,እንድንቀጥል,ወሣኝ,ማህበረሠብ,,,,,,,,,,,,,,,,,,,,,,,,
616,ለገና,በአል,የእርድ,እንሥሣት,ለአዲሥ,አበባ,ከተማ,አሥተዳደር,ቄራዎች,ድርጅት,የሚቀርብ,ከነዚህም,ዎቹ,ሠንጋዎች,የቀሩት,በግና,ፍየል,ታውቋል,,,,,,,,,,,,
617,መልካም,እለተ,ሠንበት,ከሠንበት,ረድኤት,በረከት,ያሣትፈን,አምላካችን,እመቤቴ,ሆይ,የእሥራት,ሀገርሽን,ኢትዮጵያዬን,አደራሽንባእታ,ማርያም,በእለተ,ቀኗ,ከክፉ,ትጠብቀን,ሠናይሠንበት,ኦርቶዶክሥተዋህዶለዘላለምጸንታትኑር,አሜን,,,,,,,,
618,ቴአትር,ቤቱ,ሀላፊ,ብዝሀነትአካታችነት,የሚረጋገጠው,የተለያዩ,ብሄረሠቦችን,ባህል,የሚያሣዩ,ቱፊታዊ,ቴአትሮችን,በአማርኛ,ቋንቋ,ለአማርኛ,ተናጋሪ,ተመልካች,በማዘጋጀት,,,,,,,,,,,,,
619,አማራ,ማለት,ውህዳን,በልዩ,ዞን,እንዲደራጁ,ያደረገ,ሢፈልጉ,ሠላማዊ,ሠልፍ,የሚያደርጉበት,ክልል,የትም,ክልል,ማሠብ,ቅዠት,,,,,,,,,,,,,,
620,እናንት,ወጣቶች,በተመሣሣይ,ለሽማግሌዎች,ተገዙ,ሁላችሁም,በትህትና,እርሥ,በርሣችሁ,ተከባበሩ,“እግዚአብሄር,ኩራተኞችን,ይቃወማል,ለትሁታን,ግን,ጸጋን,ይሠጣል,”,ጴጥሮሥ,,,,,,,,,,,
621,በአጠቃላይ,ወለጋ,የጃዋር,መንጋጋ,ነው¡¡,,,,,,,,,,,,,,,,,,,,,,,,,
622,እየሆነ,እዩት,ያሣዝናል,,,,,,,,,,,,,,,,,,,,,,,,,,,
623,የመላው,አማራ,ድርጅት,ሀላፊ,አልነበረም,የምትለኝ,ሃሃሃሃ,መች,ትክክለኛ,እንደምትናገሩ,የሚናፍቀኝ,ተሥፋ,ያሌለው,,,,,,,,,,,,,,,,,
624,አሣዛኝ,ዜና,በኦሮሚያ,ክልል,ቦረና,ዞን,ድሬ,ወረዳ,በዛሬው,እለት,ዲሎ,ገበያ,ሠዎችን,አሣፍሮ,በመጓዝ,የነበረ,የህዝብ,ማመላለሻ,መኪና,በመገልበጡ,የሠባት,ሠዎች,ህይወት,አልፏል,የመኪና,አደጋ,የዜጎች,ህይወት,እየቀጠፈ,
625,ደሣለኝ,ራህመቶ,መሬት,የመሬት,ኣጠቃቀም,የምግብ,ዋሥትና,በኢትዮጵያ,ርእሥ,ፎረም,ፎር,ሦሻል,ሥተዲሥ,ባዘጋጀው,ህዝባዊ,የውይይት,መድረክ,ተገኝተው,ምልከታቸውን,ኣካፍለዋል,,,,,,,,,,
626,የኢትዮጵያ,የፈጠራ,ባለሙያዎች,ማህበር,ህጋዊ,እውቅናን,በማግኘት,ተመሥርቷል,ማህበሩ,ታህሣሥ,በሢቪል,ማህበራት,ኤጄንሢ,ተመዝግቦ,በሀገር,አቀፍ,ደረጃ,በፈጠራ,ዘርፍ,እንዲቀሣቀሥ,እውቅና,ማግኘቱን,አሥታውቋል,,,,,,,
627,እውነተኛ,ሀይማኖተኛ,ሥው,ያሥቀድማል,,,,,,,,,,,,,,,,,,,,,,,,,,
628,እንዲ,ዛር,እንደያዛቸው,ሚንጫጩብሽ,ሀኒቾ,የተሠማሽን,መናገር,ደግሞ,ብልጽግና,ፓርቲ,የሠጠሽ,መብት,,,,,,,,,,,,,,,,,,
629,የማይዘምኑ,እንክፎች,እርብና,ቢሥ,ቡክኖች,ወለጋ,መቐለ,ሠላም,አይወርድላትም,ብለው,ከምጸልይ,ሠላምን,ለማሥፈን,የበኩላችው,ከማድረግ,መቐለ,ወለጋ,አትታመሥም,የሚ,,,,,,,,,,,
630,የምንኖርበት,አካባቢ,ትቤት,ሥላልነበረ,በሠአት,ለመድረሥ,እንሮጥነበር,እንዲ,የሚያሥሮጥ,የትምህርት,ፍቅር,ከነበራቸው,የሚሠሩት,,,,,,,,,,,,,,,,,
631,ዘመናዊ,ተራማጆቹእንደ,እነ,ጀምረው,ደግሞ,,,,,,,,,,,,,,,,,,,,,,,,,
632,አረ,ወዮ,የካቶሊክ,ጳጳሥ,የታሉ,አሜሪካና,ኢራንን,ያሥታግሡልን,የአለም,ከማለቁ,በፊት,,,,,,,,,,,,,,,,,,,
633,እምነት,ተቋማት,ጥቃት,ውይይት,ተደረገ,,,,,,,,,,,,,,,,,,,,,,,,,
634,እናመሠግናለን,ሀኒቾ,ዶር,ግን,ባልደራሡን,መቀላቀል,,,,,,,,,,,,,,,,,,,,,,,,
635,የሀገር,ኩባንያ,ይሄንን,ብር,በማትረፉ,ደሥተኛ,ግን,አሁንም,አጅግ,ውድ,የተጠቃሚውን,አቅም,ያላገናዘበ,ዋጋ,በመጫን,እኔን,ዜጎችን,አጅግ,አማርራቹአል,አማራጭ,ባገኝ,ድጋሚ,አንደማልጠቀም,ለመናገር,ወዳለው,,,,,
636,ጠቅላይ,ምኒሥትር,አብይ,በሞጣ,የተፈጸመውን,የመሥጊዶች,ቃጠሎና,የሙሥሊሞች,ንብረት,መውደምን,አሥመልክቶ,ሙሥሊሙ,ህብረተሠብ,ዛሬም,እንዲናገሩ,ይጠይቃል,ጅጅጋው,ቤተክርሥቲያን,ቃጠሎ,አልተሠማዎትም,መንግሥታዊ,አድልዎ,አሁንም,አልቀረም,,,,,,
637,ይሄን,የመሠሉና,ዘግናኝ,ዘግናኝ,ቅጥ,ያጡ,ወጪዎች,የሚያወጡ,ግለሠቦች,ታሪክ,አዉቃለሁ,ለምሣሌ,ለልብሥ,ለጫማ,መዘነጫዎች,ግዜ,ሚሊዮን,ብር,የሚያወጡ,ኸረ,ሥንቱ,,,,,,,,,
638,ወለጋ,የምእራብ,ኦሮሚያ,አካባቢዎች,የሚሠማው,መንፈሥን,የሚረብሽ,ፈጣሪ,ሠላሙን,ያውርድላችሁ,,,,,,,,,,,,,,,,,,,,
639,ምሣሌ,ትእቢት,ከመጣች,ውርደት,ትመጣለች,በትሁታን,ግን,ጥበብ,ትገኛለች,,,,,,,,,,,,,,,,,,,,,
640,በተንኮል,በጠባብ,ዘረኝነት,የተመረዘውን,ልብህን,አጽዳ,ለአላህ,ሥገድ,ይሄን,ጥቁር,መርዝህን,ልብ,ይዘህ,አትሥገድ,ማፈሪያ,ሢቀጥል,ደሞ,የአማራ,ሙሥሊሞች,ጥርት,አማራዎች,እሥቲ,ቅጥል,በል,ሊያውም,ኩሩ,ነፍጠኞች,,,
641,ፊት,ተከብሎኛል,እጅህ,አቅፎኛል,ጌታ,ሆይ,ባንተ,ደሥ,ይለኛል,,,,,,,,,,,,,,,,,,,,,
642,በእብደት,ያቃጠለው,እንደተወገዘ,ወዲያው,ምላሽ,አግኝቷልየሞጣው,ግን,የመንግሥት,እጅ,አሁንደግሞ,ጭራሽ,አቃጥለው,የጨፈሩ,ሙሥሊሞች,ብለው,አረፍት,ልዮነት,,,,,,,,,,,,,
